dataset,task,variant,seed,source_kind,source_priority,source_path,accuracy,micro_f1,macro_f1,weighted_f1,roc_auc,average_precision,log_loss,mrr,rmse,mae,r2
rel-amazon,item-churn,dfs,41,paper_main,3,results/final_tables/paper_main_runs.csv,0.6785,,,,0.7580196267448532,0.6366809150046987,0.5997747833017442,,,,
rel-amazon,item-churn,dfs,42,final_all,4,results/final_tables/final_all_runs.csv,0.679,,,,0.7692990443172705,0.6290269424156062,0.5776361538959173,,,,
rel-amazon,item-churn,dfs,43,final_all,4,results/final_tables/final_all_runs.csv,0.6455,,,,0.7295331068830887,0.6110713669827608,0.6471730548705474,,,,
rel-amazon,item-churn,dfs,44,final_all,4,results/final_tables/final_all_runs.csv,0.682,,,,0.7722170646445311,0.6498633602622272,0.5895964835456423,,,,
rel-amazon,item-churn,fdhg,41,paper_main,3,results/final_tables/paper_main_runs.csv,0.6855,,,,0.7589127781216923,0.634493270855889,0.5985493308525666,,,,
rel-amazon,item-churn,fdhg,42,paper_main,3,results/final_tables/paper_main_runs.csv,0.681,,,,0.7704463225040702,0.6309679919254978,0.5782079207684173,,,,
rel-amazon,item-churn,fdhg,43,paper_main,3,results/final_tables/paper_main_runs.csv,0.6535,,,,0.7305129984682507,0.6135945881612581,0.6453972409555463,,,,
rel-amazon,item-churn,fdhg,44,paper_main,3,results/final_tables/paper_main_runs.csv,0.682,,,,0.7734545409733034,0.651964323695335,0.5893957089966653,,,,
rel-amazon,user-churn,dfs,41,paper_main,3,results/final_tables/paper_main_runs.csv,0.6945,,,,0.653260664354773,0.7429476562904577,0.6100920670923665,,,,
rel-amazon,user-churn,dfs,42,paper_main,3,results/final_tables/paper_main_runs.csv,0.6705,,,,0.6240685837225166,0.7098314682525458,0.6205777297261622,,,,
rel-amazon,user-churn,dfs,43,paper_main,3,results/final_tables/paper_main_runs.csv,0.6815,,,,0.6215435112847221,0.7132375620873699,0.6234072219365637,,,,
rel-amazon,user-churn,dfs,44,paper_main,3,results/final_tables/paper_main_runs.csv,0.683,,,,0.6687349892967159,0.7523550084589775,0.6067352598308279,,,,
rel-amazon,user-churn,fdhg,41,paper_main,3,results/final_tables/paper_main_runs.csv,0.6945,,,,0.653260664354773,0.7429476562904577,0.6100920670923665,,,,
rel-amazon,user-churn,fdhg,42,paper_main,3,results/final_tables/paper_main_runs.csv,0.6705,,,,0.6240685837225166,0.7098314682525458,0.6205777297261622,,,,
rel-amazon,user-churn,fdhg,43,paper_main,3,results/final_tables/paper_main_runs.csv,0.6815,,,,0.6215435112847221,0.7132375620873699,0.6234072219365637,,,,
rel-amazon,user-churn,fdhg,44,paper_main,3,results/final_tables/paper_main_runs.csv,0.683,,,,0.6687349892967159,0.7523550084589775,0.6067352598308279,,,,
rel-arxiv,paper-citation,dfs,41,task_root,0,results/rel-arxiv_paper-citation_tabpfn/dfs/seed41/metrics.csv,0.724,,,,0.8115912738154132,0.8067914894579292,0.5310805170474572,,,,
rel-arxiv,paper-citation,dfs,42,task_root,0,results/rel-arxiv_paper-citation_tabpfn/dfs/seed42/metrics.csv,0.724,,,,0.8117692484042618,0.8068562125800448,0.5306419315699158,,,,
rel-arxiv,paper-citation,dfs,43,task_root,0,results/rel-arxiv_paper-citation_tabpfn/dfs/seed43/metrics.csv,0.7235,,,,0.8117059015167054,0.8069909596797911,0.5307238563943482,,,,
rel-arxiv,paper-citation,dfs,44,task_root,0,results/rel-arxiv_paper-citation_tabpfn/dfs/seed44/metrics.csv,0.7245,,,,0.811781314478082,0.8066706476149953,0.53076890168109,,,,
rel-arxiv,paper-citation,fdhg,41,task_root,0,results/rel-arxiv_paper-citation_tabpfn/fdhg_dmax1/seed41/metrics.csv,0.724,,,,0.8115912738154132,0.8067914894579292,0.5310805170474572,,,,
rel-arxiv,paper-citation,fdhg,42,task_root,0,results/rel-arxiv_paper-citation_tabpfn/fdhg_dmax1/seed42/metrics.csv,0.724,,,,0.8117692484042618,0.8068562125800448,0.5306419315699158,,,,
rel-arxiv,paper-citation,fdhg,43,task_root,0,results/rel-arxiv_paper-citation_tabpfn/fdhg_dmax1/seed43/metrics.csv,0.7235,,,,0.8117059015167054,0.8069909596797911,0.5307238563943482,,,,
rel-arxiv,paper-citation,fdhg,44,task_root,0,results/rel-arxiv_paper-citation_tabpfn/fdhg_dmax1/seed44/metrics.csv,0.7245,,,,0.811781314478082,0.8066706476149953,0.53076890168109,,,,
rel-f1,driver-dnf,dfs,41,paper_main,3,results/final_tables/paper_main_runs.csv,0.666077738515901,,,,0.6164353741496599,0.8489365514355056,0.5557652886759333,,,,
rel-f1,driver-dnf,dfs,42,paper_main,3,results/final_tables/paper_main_runs.csv,0.6996466431095406,,,,0.6330340136054422,0.855340721425342,0.5598069404913275,,,,
rel-f1,driver-dnf,dfs,43,paper_main,3,results/final_tables/paper_main_runs.csv,0.6537102473498233,,,,0.583891156462585,0.8433473513268916,0.5924305084757328,,,,
rel-f1,driver-dnf,dfs,44,paper_main,3,results/final_tables/paper_main_runs.csv,0.6431095406360424,,,,0.6101043083900227,0.84353411042668,0.5810019528853614,,,,
rel-f1,driver-dnf,fdhg,41,paper_main,3,results/final_tables/paper_main_runs.csv,0.6908127208480566,,,,0.626938775510204,0.8519200201087274,0.555026548964891,,,,
rel-f1,driver-dnf,fdhg,42,paper_main,3,results/final_tables/paper_main_runs.csv,0.7014134275618374,,,,0.6368616780045352,0.8569969462474671,0.5610040331455656,,,,
rel-f1,driver-dnf,fdhg,43,paper_main,3,results/final_tables/paper_main_runs.csv,0.666077738515901,,,,0.5983492063492064,0.8487575610530114,0.5892269638969266,,,,
rel-f1,driver-dnf,fdhg,44,paper_main,3,results/final_tables/paper_main_runs.csv,0.7084805653710248,,,,0.6334331065759637,0.850097581927789,0.5635997105729592,,,,
rel-ratebeer,beer-churn,dfs,41,task_root,0,results/rel-ratebeer_beer-churn_tabpfn/dfs/seed41/metrics.csv,0.638,,,,0.7175600735627713,0.7047713384050812,0.6599614451760486,,,,
rel-ratebeer,beer-churn,dfs,42,task_root,0,results/rel-ratebeer_beer-churn_tabpfn/dfs/seed42/metrics.csv,0.6385,,,,0.7181038952621687,0.7050190893225264,0.6609655531653764,,,,
rel-ratebeer,beer-churn,dfs,43,task_root,0,results/rel-ratebeer_beer-churn_tabpfn/dfs/seed43/metrics.csv,0.6385,,,,0.7183418805496145,0.7053551214989815,0.6608144747433453,,,,
rel-ratebeer,beer-churn,dfs,44,task_root,0,results/rel-ratebeer_beer-churn_tabpfn/dfs/seed44/metrics.csv,0.6385,,,,0.7181028825588178,0.7051580215544044,0.6608590105360722,,,,
rel-ratebeer,beer-churn,fdhg,41,task_root,0,results/rel-ratebeer_beer-churn_tabpfn/fdhg_dmax1/seed41/metrics.csv,0.625,,,,0.7205551437228594,0.7079887481425033,0.6586797662449132,,,,
rel-ratebeer,beer-churn,fdhg,42,task_root,0,results/rel-ratebeer_beer-churn_tabpfn/fdhg_dmax1/seed42/metrics.csv,0.638,,,,0.7199799282195865,0.7079232256164241,0.6574203542194856,,,,
rel-ratebeer,beer-churn,fdhg,43,task_root,0,results/rel-ratebeer_beer-churn_tabpfn/fdhg_dmax1/seed43/metrics.csv,0.637,,,,0.7213015060924234,0.7083102062845498,0.6581108581266183,,,,
rel-ratebeer,beer-churn,fdhg,44,task_root,0,results/rel-ratebeer_beer-churn_tabpfn/fdhg_dmax1/seed44/metrics.csv,0.6325,,,,0.7210949146088534,0.7082292076634066,0.6582044829436138,,,,
rel-ratebeer,beer_ratings-total_score,dfs,41,reproduced,1,results/final_tables/reproduced_validation_gate_seed_metrics.csv,,,,,,,,,0.5655417167846749,0.3858379972457885,0.3317703434696292
rel-ratebeer,beer_ratings-total_score,dfs,42,reproduced,1,results/final_tables/reproduced_validation_gate_seed_metrics.csv,,,,,,,,,0.5656255519579397,0.3859916035532951,0.3315722137839685
rel-ratebeer,beer_ratings-total_score,dfs,43,reproduced,1,results/final_tables/reproduced_validation_gate_seed_metrics.csv,,,,,,,,,0.565880065092168,0.3861655377984047,0.3309705368429398
rel-ratebeer,beer_ratings-total_score,dfs,44,reproduced,1,results/final_tables/reproduced_validation_gate_seed_metrics.csv,,,,,,,,,0.5661414163953918,0.3862676177382469,0.3303524125779187
rel-ratebeer,beer_ratings-total_score,fdhg,41,reproduced,1,results/final_tables/reproduced_validation_gate_seed_metrics.csv,,,,,,,,,0.5655417167846749,0.3858379972457885,0.3317703434696292
rel-ratebeer,beer_ratings-total_score,fdhg,42,reproduced,1,results/final_tables/reproduced_validation_gate_seed_metrics.csv,,,,,,,,,0.5656255519579397,0.3859916035532951,0.3315722137839685
rel-ratebeer,beer_ratings-total_score,fdhg,43,reproduced,1,results/final_tables/reproduced_validation_gate_seed_metrics.csv,,,,,,,,,0.565880065092168,0.3861655377984047,0.3309705368429398
rel-ratebeer,beer_ratings-total_score,fdhg,44,reproduced,1,results/final_tables/reproduced_validation_gate_seed_metrics.csv,,,,,,,,,0.5661414163953918,0.3862676177382469,0.3303524125779187
rel-ratebeer,brewer-dormant,dfs,41,task_root,0,results/rel-ratebeer_brewer-dormant_tabpfn/dfs/seed41/metrics.csv,0.7185,,,,0.7748865570051049,0.6075617374703607,0.5510913515875054,,,,
rel-ratebeer,brewer-dormant,dfs,42,task_root,0,results/rel-ratebeer_brewer-dormant_tabpfn/dfs/seed42/metrics.csv,0.7205,,,,0.7749297628332389,0.6084557303248064,0.551018105850756,,,,
rel-ratebeer,brewer-dormant,dfs,43,task_root,0,results/rel-ratebeer_brewer-dormant_tabpfn/dfs/seed43/metrics.csv,0.7195,,,,0.7752067232699943,0.607982353262735,0.5509360437789419,,,,
rel-ratebeer,brewer-dormant,dfs,44,task_root,0,results/rel-ratebeer_brewer-dormant_tabpfn/dfs/seed44/metrics.csv,0.72,,,,0.7747536159954622,0.6080573404986467,0.5511065371386197,,,,
rel-ratebeer,brewer-dormant,fdhg,41,task_root,0,results/rel-ratebeer_brewer-dormant_tabpfn/fdhg_dmax1/seed41/metrics.csv,0.719,,,,0.7742805675694838,0.609988439091286,0.55131749346015,,,,
rel-ratebeer,brewer-dormant,fdhg,42,task_root,0,results/rel-ratebeer_brewer-dormant_tabpfn/fdhg_dmax1/seed42/metrics.csv,0.7175,,,,0.7744328958096994,0.6094813317785738,0.5509661019611747,,,,
rel-ratebeer,brewer-dormant,fdhg,43,task_root,0,results/rel-ratebeer_brewer-dormant_tabpfn/fdhg_dmax1/seed43/metrics.csv,0.719,,,,0.7745530966392513,0.610185917111614,0.5512199604452395,,,,
rel-ratebeer,brewer-dormant,fdhg,44,task_root,0,results/rel-ratebeer_brewer-dormant_tabpfn/fdhg_dmax1/seed44/metrics.csv,0.7175,,,,0.7743758419597276,0.6102632593243495,0.5514779123312182,,,,
rel-ratebeer,user-churn,dfs,41,task_root,0,results/rel-ratebeer_user-churn_tabpfn/dfs/seed41/metrics.csv,0.7065,,,,0.7804779642682671,0.8467910075051694,0.5760493110598202,,,,
rel-ratebeer,user-churn,dfs,42,task_root,0,results/rel-ratebeer_user-churn_tabpfn/dfs/seed42/metrics.csv,0.7055,,,,0.7809806598506525,0.8470182112207068,0.5769558539901023,,,,
rel-ratebeer,user-churn,dfs,43,task_root,0,results/rel-ratebeer_user-churn_tabpfn/dfs/seed43/metrics.csv,0.7085,,,,0.7803852763626213,0.8444400861778715,0.5769282320047829,,,,
rel-ratebeer,user-churn,dfs,44,task_root,0,results/rel-ratebeer_user-churn_tabpfn/dfs/seed44/metrics.csv,0.709,,,,0.7808498063367995,0.8460691762836234,0.5768473743502832,,,,
rel-ratebeer,user-churn,fdhg,41,task_root,0,results/rel-ratebeer_user-churn_tabpfn/fdhg_dmax1/seed41/metrics.csv,0.709,,,,0.7807554827622304,0.8456525410854936,0.5753258565903474,,,,
rel-ratebeer,user-churn,fdhg,42,task_root,0,results/rel-ratebeer_user-churn_tabpfn/fdhg_dmax1/seed42/metrics.csv,0.709,,,,0.7804163540721614,0.8419875362862241,0.5758927314816676,,,,
rel-ratebeer,user-churn,fdhg,43,task_root,0,results/rel-ratebeer_user-churn_tabpfn/fdhg_dmax1/seed43/metrics.csv,0.706,,,,0.7803105808151302,0.845312572739016,0.5761740737909801,,,,
rel-ratebeer,user-churn,fdhg,44,task_root,0,results/rel-ratebeer_user-churn_tabpfn/fdhg_dmax1/seed44/metrics.csv,0.7055,,,,0.7792670240421522,0.8445015697197051,0.5777056518290183,,,,
rel-ratebeer,user-count,dfs,41,task_root,0,results/rel-ratebeer_user-count_tabpfn/dfs/seed41/metrics.csv,,,,,,,,,43.2568739968288,13.679287429094314,0.3005205663130462
rel-ratebeer,user-count,dfs,42,task_root,0,results/rel-ratebeer_user-count_tabpfn/dfs/seed42/metrics.csv,,,,,,,,,43.25683396695997,13.622841018602251,0.3005218609076127
rel-ratebeer,user-count,dfs,43,task_root,0,results/rel-ratebeer_user-count_tabpfn/dfs/seed43/metrics.csv,,,,,,,,,43.2711234785932,13.601754936240614,0.3000596517719924
rel-ratebeer,user-count,dfs,44,task_root,0,results/rel-ratebeer_user-count_tabpfn/dfs/seed44/metrics.csv,,,,,,,,,43.268118777388864,13.665382786288855,0.3001568546370577
rel-ratebeer,user-count,fdhg,41,task_root,0,results/rel-ratebeer_user-count_tabpfn/fdhg_dmax1/seed41/metrics.csv,,,,,,,,,41.639127351248185,13.145522446498276,0.3518613424707233
rel-ratebeer,user-count,fdhg,42,task_root,0,results/rel-ratebeer_user-count_tabpfn/fdhg_dmax1/seed42/metrics.csv,,,,,,,,,41.49370293140522,13.067795583441852,0.3563806780752319
rel-ratebeer,user-count,fdhg,43,task_root,0,results/rel-ratebeer_user-count_tabpfn/fdhg_dmax1/seed43/metrics.csv,,,,,,,,,41.77317949772564,13.05533598010242,0.3476814164886519
rel-ratebeer,user-count,fdhg,44,task_root,0,results/rel-ratebeer_user-count_tabpfn/fdhg_dmax1/seed44/metrics.csv,,,,,,,,,41.67109869177757,12.964287450924516,0.350865653157561
rel-salt,item-incoterms,dfs,41,task_root,0,results/rel-salt_item-incoterms_tabpfn/dfs/seed41/metrics.csv,0.689,0.689,0.1377316599907115,0.602029662138724,,,1.0890103336071906,0.7953035714285713,,,
rel-salt,item-incoterms,dfs,42,task_root,0,results/rel-salt_item-incoterms_tabpfn/dfs/seed42/metrics.csv,0.689,0.689,0.137836754241577,0.6020016823451789,,,1.0914563581168073,0.7954154761904761,,,
rel-salt,item-incoterms,dfs,43,task_root,0,results/rel-salt_item-incoterms_tabpfn/dfs/seed43/metrics.csv,0.6935,0.6935,0.1456678908152086,0.6122666399494501,,,1.0860221097203608,0.797652380952381,,,
rel-salt,item-incoterms,dfs,44,task_root,0,results/rel-salt_item-incoterms_tabpfn/dfs/seed44/metrics.csv,0.6935,0.6935,0.1456678908152086,0.6122666399494501,,,1.0900313737360352,0.7975940476190476,,,
rel-salt,item-incoterms,fdhg,41,task_root,0,results/rel-salt_item-incoterms_tabpfn/fdhg_dmax1/seed41/metrics.csv,0.6995,0.6995,0.2389045870508097,0.6332215805593032,,,1.038695362310755,0.806609126984127,,,
rel-salt,item-incoterms,fdhg,42,task_root,0,results/rel-salt_item-incoterms_tabpfn/fdhg_dmax1/seed42/metrics.csv,0.699,0.699,0.2381893593019129,0.6320185139576281,,,1.044251926831957,0.8058640873015872,,,
rel-salt,item-incoterms,fdhg,43,task_root,0,results/rel-salt_item-incoterms_tabpfn/fdhg_dmax1/seed43/metrics.csv,0.6905,0.6905,0.2374138556055975,0.6289975615862107,,,1.0561370520955922,0.8028490079365079,,,
rel-salt,item-incoterms,fdhg,44,task_root,0,results/rel-salt_item-incoterms_tabpfn/fdhg_dmax1/seed44/metrics.csv,0.6865,0.6865,0.2322416428163072,0.6212657066951249,,,1.0454107061924145,0.8003113095238096,,,
rel-salt,item-plant,dfs,41,task_root,0,results/rel-salt_item-plant_tabpfn/dfs/seed41/metrics.csv,0.9639097744360904,0.9639097744360904,0.7447025368782315,0.9603053802172484,,,0.1555910148305875,0.9746318176393364,,,
rel-salt,item-plant,dfs,42,task_root,0,results/rel-salt_item-plant_tabpfn/dfs/seed42/metrics.csv,0.9689223057644112,0.9689223057644112,0.7744019055928318,0.9642886799735444,,,0.1625184390297991,0.9761308031984725,,,
rel-salt,item-plant,dfs,43,task_root,0,results/rel-salt_item-plant_tabpfn/dfs/seed43/metrics.csv,0.9674185463659148,0.9674185463659148,0.7802248657758647,0.9628131121777994,,,0.1433924455385311,0.9760401002506264,,,
rel-salt,item-plant,dfs,44,task_root,0,results/rel-salt_item-plant_tabpfn/dfs/seed44/metrics.csv,0.9689223057644112,0.9689223057644112,0.7583513823091973,0.9646928504738934,,,0.150594004859932,0.9769005847953216,,,
rel-salt,item-plant,fdhg,41,task_root,0,results/rel-salt_item-plant_tabpfn/fdhg_dmax1/seed41/metrics.csv,0.9659147869674184,0.9659147869674184,0.7134260140254263,0.9652401355518794,,,0.131889389148009,0.9775661375661376,,,
rel-salt,item-plant,fdhg,42,task_root,0,results/rel-salt_item-plant_tabpfn/fdhg_dmax1/seed42/metrics.csv,0.9654135338345864,0.9654135338345864,0.8042257820476759,0.963751142773586,,,0.1386729991388176,0.975602299399292,,,
rel-salt,item-plant,fdhg,43,task_root,0,results/rel-salt_item-plant_tabpfn/fdhg_dmax1/seed43/metrics.csv,0.9644110275689224,0.9644110275689224,0.7842787329971458,0.9643702136272566,,,0.1308856608362673,0.976186895810956,,,
rel-salt,item-plant,fdhg,44,task_root,0,results/rel-salt_item-plant_tabpfn/fdhg_dmax1/seed44/metrics.csv,0.9704260651629072,0.9704260651629072,0.7916154983422873,0.9689281470374652,,,0.1321259351376764,0.9788809324899552,,,
rel-salt,item-shippoint,dfs,41,task_root,0,results/rel-salt_item-shippoint_tabpfn/dfs/seed41/metrics.csv,0.7447342026078235,0.7447342026078235,0.3769074583442419,0.6466348079805864,,,0.606006491234236,0.867222500835841,,,
rel-salt,item-shippoint,dfs,42,task_root,0,results/rel-salt_item-shippoint_tabpfn/dfs/seed42/metrics.csv,0.7627883650952858,0.7627883650952858,0.4080671339990484,0.6660213469725201,,,0.6072288676723187,0.8772525911066532,,,
rel-salt,item-shippoint,dfs,43,task_root,0,results/rel-salt_item-shippoint_tabpfn/dfs/seed43/metrics.csv,0.7477432296890673,0.7477432296890673,0.3774075503251865,0.6490508161309207,,,0.6161427583037339,0.8712275716036999,,,
rel-salt,item-shippoint,dfs,44,task_root,0,results/rel-salt_item-shippoint_tabpfn/dfs/seed44/metrics.csv,0.7477432296890673,0.7477432296890673,0.3774075503251865,0.6490508161309207,,,0.6112921115534062,0.8674822085303528,,,
rel-salt,item-shippoint,fdhg,41,task_root,0,results/rel-salt_item-shippoint_tabpfn/fdhg_dmax1/seed41/metrics.csv,0.8269809428284854,0.8269809428284854,0.5708698942750817,0.8048442742518782,,,0.4066213203373273,0.9091858910063524,,,
rel-salt,item-shippoint,fdhg,42,task_root,0,results/rel-salt_item-shippoint_tabpfn/fdhg_dmax1/seed42/metrics.csv,0.8234704112337011,0.8234704112337011,0.5873786601774269,0.8032151958810272,,,0.3957174681974377,0.9064538854659216,,,
rel-salt,item-shippoint,fdhg,43,task_root,0,results/rel-salt_item-shippoint_tabpfn/fdhg_dmax1/seed43/metrics.csv,0.8294884653961886,0.8294884653961886,0.5638482127470916,0.8201020074539525,,,0.41098878318985,0.908680804317715,,,
rel-salt,item-shippoint,fdhg,44,task_root,0,results/rel-salt_item-shippoint_tabpfn/fdhg_dmax1/seed44/metrics.csv,0.802407221664995,0.802407221664995,0.5628532259468723,0.7995001050345285,,,0.4125281652817787,0.8978936810431294,,,
rel-salt,sales-group,dfs,41,task_root,0,results/rel-salt_sales-group_catboost/dfs/seed41/metrics.csv,0.0775193798449612,0.0775193798449612,0.0019129858372315,0.0133542689234243,,,5.427296669789757,0.1212355260149686,,,
rel-salt,sales-group,dfs,42,task_root,0,results/rel-salt_sales-group_catboost/dfs/seed42/metrics.csv,0.0775193798449612,0.0775193798449612,0.0019129858372315,0.0133542689234243,,,5.427295685870326,0.1212097146248755,,,
rel-salt,sales-group,dfs,43,task_root,0,results/rel-salt_sales-group_catboost/dfs/seed43/metrics.csv,0.0775193798449612,0.0775193798449612,0.0019129858372315,0.0133542689234243,,,5.427294934508123,0.1212326428293485,,,
rel-salt,sales-group,dfs,44,task_root,0,results/rel-salt_sales-group_catboost/dfs/seed44/metrics.csv,0.0775193798449612,0.0775193798449612,0.0019129858372315,0.0133542689234243,,,5.427295854087336,0.121217770416273,,,
rel-salt,sales-group,fdhg,41,task_root,0,results/rel-salt_sales-group_catboost/fdhg_dmax1/seed41/metrics.csv,0.0806201550387596,0.0806201550387596,0.0031465568536128,0.0177520891951766,,,5.389755818419031,0.1259856483198856,,,
rel-salt,sales-group,fdhg,42,task_root,0,results/rel-salt_sales-group_catboost/fdhg_dmax1/seed42/metrics.csv,0.0806201550387596,0.0806201550387596,0.0031465568536128,0.0177520891951766,,,5.38978226815098,0.1261031192744839,,,
rel-salt,sales-group,fdhg,43,task_root,0,results/rel-salt_sales-group_catboost/fdhg_dmax1/seed43/metrics.csv,0.0806201550387596,0.0806201550387596,0.0031465568536128,0.0177520891951766,,,5.389761970913097,0.125984444892736,,,
rel-salt,sales-group,fdhg,44,task_root,0,results/rel-salt_sales-group_catboost/fdhg_dmax1/seed44/metrics.csv,0.0806201550387596,0.0806201550387596,0.0031465568536128,0.0177520891951766,,,5.389743737190819,0.1259639582662861,,,
rel-salt,sales-incoterms,dfs,41,task_root,0,results/rel-salt_sales-incoterms_tabpfn/dfs/seed41/metrics.csv,0.592,0.592,0.0743718592964824,0.4402814070351759,,,1.4320511325237126,0.7241908730158729,,,
rel-salt,sales-incoterms,dfs,42,task_root,0,results/rel-salt_sales-incoterms_tabpfn/dfs/seed42/metrics.csv,0.592,0.592,0.0743718592964824,0.4402814070351759,,,1.432023215014632,0.7241908730158729,,,
rel-salt,sales-incoterms,dfs,43,task_root,0,results/rel-salt_sales-incoterms_tabpfn/dfs/seed43/metrics.csv,0.592,0.592,0.0743718592964824,0.4402814070351759,,,1.4321370193857688,0.7241908730158729,,,
rel-salt,sales-incoterms,dfs,44,task_root,0,results/rel-salt_sales-incoterms_tabpfn/dfs/seed44/metrics.csv,0.592,0.592,0.0743718592964824,0.4402814070351759,,,1.4321324679238914,0.7241908730158729,,,
rel-salt,sales-incoterms,fdhg,41,task_root,0,results/rel-salt_sales-incoterms_tabpfn/fdhg_dmax1/seed41/metrics.csv,0.597,0.597,0.0937962777666599,0.4542553532119271,,,1.4101963883097244,0.7279649531024531,,,
rel-salt,sales-incoterms,fdhg,42,task_root,0,results/rel-salt_sales-incoterms_tabpfn/fdhg_dmax1/seed42/metrics.csv,0.597,0.597,0.0937962777666599,0.4542553532119271,,,1.4102894127370815,0.7279774531024531,,,
rel-salt,sales-incoterms,fdhg,43,task_root,0,results/rel-salt_sales-incoterms_tabpfn/fdhg_dmax1/seed43/metrics.csv,0.597,0.597,0.0937962777666599,0.4542553532119271,,,1.4101757927553098,0.7276371753246753,,,
rel-salt,sales-incoterms,fdhg,44,task_root,0,results/rel-salt_sales-incoterms_tabpfn/fdhg_dmax1/seed44/metrics.csv,0.597,0.597,0.0937962777666599,0.4542553532119271,,,1.410371276777205,0.7279774531024531,,,
rel-salt,sales-office,dfs,41,task_root,0,results/rel-salt_sales-office_tabpfn/dfs/seed41/metrics.csv,0.9995,0.9995,0.5,0.9995,,,0.0017761960857516,0.99975,,,
rel-salt,sales-office,dfs,42,task_root,0,results/rel-salt_sales-office_tabpfn/dfs/seed42/metrics.csv,0.9995,0.9995,0.5,0.9995,,,0.0018701334431024,0.99975,,,
rel-salt,sales-office,dfs,43,task_root,0,results/rel-salt_sales-office_tabpfn/dfs/seed43/metrics.csv,0.9995,0.9995,0.5,0.9995,,,0.0018087499967731,0.99975,,,
rel-salt,sales-office,dfs,44,task_root,0,results/rel-salt_sales-office_tabpfn/dfs/seed44/metrics.csv,0.999,0.999,0.2,0.999,,,0.002054926724836,0.9993333333333332,,,
rel-salt,sales-office,fdhg,41,task_root,0,results/rel-salt_sales-office_tabpfn/fdhg_dmax1/seed41/metrics.csv,1.0,1.0,1.0,1.0,,,0.0016552969345187,1.0,,,
rel-salt,sales-office,fdhg,42,task_root,0,results/rel-salt_sales-office_tabpfn/fdhg_dmax1/seed42/metrics.csv,0.9995,0.9995,0.5,0.9995,,,0.0014301657815584,0.99975,,,
rel-salt,sales-office,fdhg,43,task_root,0,results/rel-salt_sales-office_tabpfn/fdhg_dmax1/seed43/metrics.csv,0.9995,0.9995,0.5,0.9995,,,0.0016700611993777,0.99975,,,
rel-salt,sales-office,fdhg,44,task_root,0,results/rel-salt_sales-office_tabpfn/fdhg_dmax1/seed44/metrics.csv,1.0,1.0,1.0,1.0,,,0.0015111256739058,1.0,,,
rel-salt,sales-payterms,dfs,41,task_root,0,results/rel-salt_sales-payterms_tabpfn/dfs/seed41/metrics.csv,0.2831415707853927,0.2831415707853927,0.007148369036781,0.1255664712500426,,,2.7210722575537027,0.4639534223416302,,,
rel-salt,sales-payterms,dfs,42,task_root,0,results/rel-salt_sales-payterms_tabpfn/dfs/seed42/metrics.csv,0.2826413206603301,0.2826413206603301,0.0058762350494019,0.1245650126155121,,,2.72075244560488,0.4637099592780769,,,
rel-salt,sales-payterms,dfs,43,task_root,0,results/rel-salt_sales-payterms_tabpfn/dfs/seed43/metrics.csv,0.2831415707853927,0.2831415707853927,0.007148369036781,0.1255664712500426,,,2.7205740959527103,0.4639646613807728,,,
rel-salt,sales-payterms,dfs,44,task_root,0,results/rel-salt_sales-payterms_tabpfn/dfs/seed44/metrics.csv,0.2831415707853927,0.2831415707853927,0.007148369036781,0.1255664712500426,,,2.721078697629821,0.4639628944313878,,,
rel-salt,sales-payterms,fdhg,41,task_root,0,results/rel-salt_sales-payterms_tabpfn/fdhg_dmax1/seed41/metrics.csv,0.2831415707853927,0.2831415707853927,0.007148369036781,0.1255664712500426,,,2.703515551864388,0.4652219985228758,,,
rel-salt,sales-payterms,fdhg,42,task_root,0,results/rel-salt_sales-payterms_tabpfn/fdhg_dmax1/seed42/metrics.csv,0.2831415707853927,0.2831415707853927,0.007148369036781,0.1255664712500426,,,2.703740848335908,0.4651497470809438,,,
rel-salt,sales-payterms,fdhg,43,task_root,0,results/rel-salt_sales-payterms_tabpfn/fdhg_dmax1/seed43/metrics.csv,0.2831415707853927,0.2831415707853927,0.007148369036781,0.1255664712500426,,,2.703450165919708,0.465197249925494,,,
rel-salt,sales-payterms,fdhg,44,task_root,0,results/rel-salt_sales-payterms_tabpfn/fdhg_dmax1/seed44/metrics.csv,0.2831415707853927,0.2831415707853927,0.007148369036781,0.1255664712500426,,,2.7040824892677406,0.4651981125018207,,,
rel-salt,sales-shipcond,dfs,41,task_root,0,results/rel-salt_sales-shipcond_tabpfn/dfs/seed41/metrics.csv,0.2722722722722723,0.2722722722722723,0.01624978629559,0.1179328734355557,,,2.2806330058233475,0.4741652314004844,,,
rel-salt,sales-shipcond,dfs,42,task_root,0,results/rel-salt_sales-shipcond_tabpfn/dfs/seed42/metrics.csv,0.2722722722722723,0.2722722722722723,0.01624978629559,0.1179328734355557,,,2.280862974968636,0.474164039732626,,,
rel-salt,sales-shipcond,dfs,43,task_root,0,results/rel-salt_sales-shipcond_tabpfn/dfs/seed43/metrics.csv,0.2722722722722723,0.2722722722722723,0.01624978629559,0.1179328734355557,,,2.2807885654790963,0.4741635015600449,,,
rel-salt,sales-shipcond,dfs,44,task_root,0,results/rel-salt_sales-shipcond_tabpfn/dfs/seed44/metrics.csv,0.2722722722722723,0.2722722722722723,0.01624978629559,0.1179328734355557,,,2.280811502459217,0.4741646150205576,,,
rel-salt,sales-shipcond,fdhg,41,task_root,0,results/rel-salt_sales-shipcond_tabpfn/fdhg_dmax1/seed41/metrics.csv,0.2737737737737737,0.2737737737737737,0.0176180248143324,0.1232112293446253,,,2.2509191478844737,0.4773172668735603,,,
rel-salt,sales-shipcond,fdhg,42,task_root,0,results/rel-salt_sales-shipcond_tabpfn/fdhg_dmax1/seed42/metrics.csv,0.2712712712712712,0.2712712712712712,0.0312576110451372,0.1208942893270411,,,2.2525771555384675,0.4754800942030542,,,
rel-salt,sales-shipcond,fdhg,43,task_root,0,results/rel-salt_sales-shipcond_tabpfn/fdhg_dmax1/seed43/metrics.csv,0.2737737737737737,0.2737737737737737,0.0176180248143324,0.1232112293446253,,,2.250557443075129,0.4775620424168251,,,
rel-salt,sales-shipcond,fdhg,44,task_root,0,results/rel-salt_sales-shipcond_tabpfn/fdhg_dmax1/seed44/metrics.csv,0.2737737737737737,0.2737737737737737,0.0176180248143324,0.1232112293446253,,,2.2495354145951927,0.4775512144454708,,,
rel-stack,user-badge,dfs,41,paper_main,3,results/final_tables/paper_main_runs.csv,0.9709698542429608,,,,0.8680709804227033,0.2923983393001161,0.0986698262592651,,,,
rel-stack,user-badge,dfs,42,paper_main,3,results/final_tables/paper_main_runs.csv,0.9715357440237996,,,,0.8649947394880146,0.2918230392726402,0.0985595765563041,,,,
rel-stack,user-badge,dfs,43,paper_main,3,results/final_tables/paper_main_runs.csv,0.9715397860936628,,,,0.8673571361675554,0.2893683263536507,0.0988169014792259,,,,
rel-stack,user-badge,dfs,44,paper_main,3,results/final_tables/paper_main_runs.csv,0.9716974268183252,,,,0.864939314860997,0.2998623169268062,0.0985281164979778,,,,
rel-stack,user-badge,fdhg,41,paper_main,3,results/final_tables/paper_main_runs.csv,0.971422566067632,,,,0.8824660156229364,0.3096025347174123,0.09623096430824,,,,
rel-stack,user-badge,fdhg,42,paper_main,3,results/final_tables/paper_main_runs.csv,0.9719439930799764,,,,0.879981368896094,0.309430241081467,0.0961915484655507,,,,
rel-stack,user-badge,fdhg,43,paper_main,3,results/final_tables/paper_main_runs.csv,0.9719076144512082,,,,0.8818893365734755,0.3087377240027082,0.0962808524840338,,,,
rel-stack,user-badge,fdhg,44,paper_main,3,results/final_tables/paper_main_runs.csv,0.9719439930799764,,,,0.8808392484971991,0.3124692941159737,0.0959857283464114,,,,
