dataset,task,variant,seed,model,split,n_train,n_val,n_features,feature_budget,dmax,uses_afd,uses_ambiguity,uses_dmax2,uses_supervised_ranker,is_fdhg_fallback,accuracy,roc_auc,average_precision,log_loss,runtime_sec,feature_path,result_path,status,failure_reason
rel-amazon,item-churn,dfs,41,tabpfn,val,,,24,,1,False,False,False,False,False,0.6785,0.7580196267448532,0.6366809150046987,0.5997747833017442,,,results/dfs_agg/dfs_agg_rel-amazon_item-churn_tabpfn_seed41.json,ok,
rel-amazon,item-churn,dfs,41,tabpfn,val,,,32,,1,False,True,False,False,False,0.6855,0.7589127781216923,0.634493270855889,0.5985493308525666,,,results/fdhg_heuristic/dfs_agg_rel-amazon_item-churn_tabpfn_seed41.json,ok,
rel-amazon,item-churn,dfs,41,tabpfn,val,,,24,,1,False,False,False,False,False,0.6785,0.7580196267448532,0.6366809150046987,0.5997747833017442,,,results/phase2_relbench/phase2_main_runs.csv,ok,
rel-amazon,item-churn,dfs,41,tabpfn,val,,,24,,1,False,False,False,False,False,0.6785,0.7580196267448532,0.6366809150046987,0.5997747833017442,,,results/phase2_relbench/rel-amazon_item-churn_dfs/dfs_agg_rel-amazon_item-churn_tabpfn_seed41.json,ok,
rel-amazon,item-churn,dfs,41,tabpfn,val,,,32,,1,False,True,False,False,False,0.6855,0.7589127781216923,0.634493270855889,0.5985493308525666,,,results/phase2_relbench/rel-amazon_item-churn_fdhg/dfs_agg_rel-amazon_item-churn_tabpfn_seed41.json,ok,
rel-amazon,item-churn,dfs,42,tabpfn,val,,,24,,1,False,False,False,False,False,0.679,0.7692990443172705,0.6290269424156062,0.5776361538959173,,,results/phase2_relbench/phase2_main_runs.csv,ok,
rel-amazon,item-churn,dfs,43,tabpfn,val,,,24,,1,False,False,False,False,False,0.6455,0.7295331068830887,0.6110713669827608,0.6471730548705474,,,results/phase2_relbench/phase2_main_runs.csv,ok,
rel-amazon,item-churn,dfs,44,tabpfn,val,,,24,,1,False,False,False,False,False,0.682,0.7722170646445311,0.6498633602622272,0.5895964835456423,,,results/phase2_relbench/phase2_main_runs.csv,ok,
rel-amazon,item-churn,fdhg_dmax1,41,tabpfn,val,,,24,,1,True,True,False,False,False,0.6785,0.7580196267448532,0.6366809150046987,0.5997747833017442,,,results/phase2_relbench/phase2_main_runs.csv,ok,
rel-amazon,item-churn,fdhg_dmax1,41,tabpfn,val,,,24,,1,True,True,False,False,False,0.6785,0.7580196267448532,0.6366809150046987,0.5997747833017442,,,results/phase2_relbench/rel-amazon_item-churn_fdhg_full_seed41_dfs/dfs_agg_rel-amazon_item-churn_tabpfn_seed41.json,ok,
rel-amazon,item-churn,fdhg_dmax1,41,tabpfn,val,,,32,,1,True,True,False,False,False,0.6855,0.7589127781216923,0.634493270855889,0.5985493308525666,,,results/phase2_relbench/rel-amazon_item-churn_fdhg_full_seed41_fdhg/dfs_agg_rel-amazon_item-churn_tabpfn_seed41.json,ok,
rel-amazon,item-churn,fdhg_dmax1,41,tabpfn,val,,,19,,1,False,True,False,False,False,0.6255,0.6852457552210858,0.5700563818007865,0.6431594454839928,,,results/phase2_relbench/rel-amazon_item-churn_fdhg_full_seed41_naive/dfs_agg_rel-amazon_item-churn_tabpfn_seed41.json,ok,
rel-amazon,item-churn,fdhg_dmax1,42,tabpfn,val,,,24,,1,True,True,False,False,False,0.679,0.7692990443172705,0.6290269424156062,0.5776361538959173,,,results/phase2_relbench/phase2_main_runs.csv,ok,
rel-amazon,item-churn,fdhg_dmax1,42,tabpfn,val,,,24,,1,True,True,False,False,False,0.679,0.7692990443172705,0.6290269424156062,0.5776361538959173,,,results/phase2_relbench/rel-amazon_item-churn_fdhg_full_seed42_dfs/dfs_agg_rel-amazon_item-churn_tabpfn_seed42.json,ok,
rel-amazon,item-churn,fdhg_dmax1,42,tabpfn,val,,,32,,1,True,True,False,False,False,0.681,0.7704463225040702,0.6309679919254978,0.5782079207684173,,,results/phase2_relbench/rel-amazon_item-churn_fdhg_full_seed42_fdhg/dfs_agg_rel-amazon_item-churn_tabpfn_seed42.json,ok,
rel-amazon,item-churn,fdhg_dmax1,42,tabpfn,val,,,19,,1,False,True,False,False,False,0.631,0.6846872780407827,0.5645325411982625,0.6354347408035148,,,results/phase2_relbench/rel-amazon_item-churn_fdhg_full_seed42_naive/dfs_agg_rel-amazon_item-churn_tabpfn_seed42.json,ok,
rel-amazon,item-churn,fdhg_dmax1,43,tabpfn,val,,,24,,1,True,True,False,False,False,0.6455,0.7295331068830887,0.6110713669827608,0.6471730548705474,,,results/phase2_relbench/phase2_main_runs.csv,ok,
rel-amazon,item-churn,fdhg_dmax1,43,tabpfn,val,,,24,,1,True,True,False,False,False,0.6455,0.7295331068830887,0.6110713669827608,0.6471730548705474,,,results/phase2_relbench/rel-amazon_item-churn_fdhg_full_seed43_dfs/dfs_agg_rel-amazon_item-churn_tabpfn_seed43.json,ok,
rel-amazon,item-churn,fdhg_dmax1,43,tabpfn,val,,,32,,1,True,True,False,False,False,0.6535,0.7305129984682507,0.6135945881612581,0.6453972409555463,,,results/phase2_relbench/rel-amazon_item-churn_fdhg_full_seed43_fdhg/dfs_agg_rel-amazon_item-churn_tabpfn_seed43.json,ok,
rel-amazon,item-churn,fdhg_dmax1,43,tabpfn,val,,,19,,1,False,True,False,False,False,0.6025,0.6510261090405827,0.5674182305531265,0.6464457936354159,,,results/phase2_relbench/rel-amazon_item-churn_fdhg_full_seed43_naive/dfs_agg_rel-amazon_item-churn_tabpfn_seed43.json,ok,
rel-amazon,item-churn,fdhg_dmax1,44,tabpfn,val,,,24,,1,True,True,False,False,False,0.682,0.7722170646445311,0.6498633602622272,0.5895964835456423,,,results/phase2_relbench/phase2_main_runs.csv,ok,
rel-amazon,item-churn,fdhg_dmax1,44,tabpfn,val,,,24,,1,True,True,False,False,False,0.682,0.7722170646445311,0.6498633602622272,0.5895964835456423,,,results/phase2_relbench/rel-amazon_item-churn_fdhg_full_seed44_dfs/dfs_agg_rel-amazon_item-churn_tabpfn_seed44.json,ok,
rel-amazon,item-churn,fdhg_dmax1,44,tabpfn,val,,,32,,1,True,True,False,False,False,0.682,0.7734545409733034,0.651964323695335,0.5893957089966653,,,results/phase2_relbench/rel-amazon_item-churn_fdhg_full_seed44_fdhg/dfs_agg_rel-amazon_item-churn_tabpfn_seed44.json,ok,
rel-amazon,item-churn,fdhg_dmax1,44,tabpfn,val,,,19,,1,False,True,False,False,False,0.627,0.6818104330037505,0.5542302092851948,0.6334149361514593,,,results/phase2_relbench/rel-amazon_item-churn_fdhg_full_seed44_naive/dfs_agg_rel-amazon_item-churn_tabpfn_seed44.json,ok,
rel-amazon,item-churn,fdhg_dmax1_no_ambiguity,41,tabpfn,val,,,24,,1,True,False,False,False,False,0.6785,0.7580196267448532,0.6366809150046987,0.5997747833017442,,,results/phase2_relbench/rel-amazon_item-churn_fdhg_wo_ambiguity_seed41_dfs/dfs_agg_rel-amazon_item-churn_tabpfn_seed41.json,ok,
rel-amazon,item-churn,fdhg_dmax1_no_ambiguity,41,tabpfn,val,,,24,,1,True,False,False,False,False,0.6785,0.7580196267448532,0.6366809150046987,0.5997747833017442,,,results/phase2_relbench/rel-amazon_item-churn_fdhg_wo_ambiguity_seed41_fdhg/dfs_agg_rel-amazon_item-churn_tabpfn_seed41.json,ok,
rel-amazon,item-churn,fdhg_dmax1_no_ambiguity,41,tabpfn,val,,,19,,1,False,False,False,False,False,0.6255,0.6852457552210858,0.5700563818007865,0.6431594454839928,,,results/phase2_relbench/rel-amazon_item-churn_fdhg_wo_ambiguity_seed41_naive/dfs_agg_rel-amazon_item-churn_tabpfn_seed41.json,ok,
rel-amazon,item-churn,fdhg_dmax1_no_ambiguity,42,tabpfn,val,,,24,,1,True,False,False,False,False,0.679,0.7692990443172705,0.6290269424156062,0.5776361538959173,,,results/phase2_relbench/rel-amazon_item-churn_fdhg_wo_ambiguity_seed42_dfs/dfs_agg_rel-amazon_item-churn_tabpfn_seed42.json,ok,
rel-amazon,item-churn,fdhg_dmax1_no_ambiguity,42,tabpfn,val,,,24,,1,True,False,False,False,False,0.679,0.7692990443172705,0.6290269424156062,0.5776361538959173,,,results/phase2_relbench/rel-amazon_item-churn_fdhg_wo_ambiguity_seed42_fdhg/dfs_agg_rel-amazon_item-churn_tabpfn_seed42.json,ok,
rel-amazon,item-churn,fdhg_dmax1_no_ambiguity,42,tabpfn,val,,,19,,1,False,False,False,False,False,0.631,0.6846872780407827,0.5645325411982625,0.6354347408035148,,,results/phase2_relbench/rel-amazon_item-churn_fdhg_wo_ambiguity_seed42_naive/dfs_agg_rel-amazon_item-churn_tabpfn_seed42.json,ok,
rel-amazon,item-churn,fdhg_dmax1_no_ambiguity,43,tabpfn,val,,,24,,1,True,False,False,False,False,0.6455,0.7295331068830887,0.6110713669827608,0.6471730548705474,,,results/phase2_relbench/rel-amazon_item-churn_fdhg_wo_ambiguity_seed43_dfs/dfs_agg_rel-amazon_item-churn_tabpfn_seed43.json,ok,
rel-amazon,item-churn,fdhg_dmax1_no_ambiguity,43,tabpfn,val,,,24,,1,True,False,False,False,False,0.6455,0.7295331068830887,0.6110713669827608,0.6471730548705474,,,results/phase2_relbench/rel-amazon_item-churn_fdhg_wo_ambiguity_seed43_fdhg/dfs_agg_rel-amazon_item-churn_tabpfn_seed43.json,ok,
rel-amazon,item-churn,fdhg_dmax1_no_ambiguity,43,tabpfn,val,,,19,,1,False,False,False,False,False,0.6025,0.6510261090405827,0.5674182305531265,0.6464457936354159,,,results/phase2_relbench/rel-amazon_item-churn_fdhg_wo_ambiguity_seed43_naive/dfs_agg_rel-amazon_item-churn_tabpfn_seed43.json,ok,
rel-amazon,item-churn,fdhg_dmax1_no_ambiguity,44,tabpfn,val,,,24,,1,True,False,False,False,False,0.682,0.7722170646445311,0.6498633602622272,0.5895964835456423,,,results/phase2_relbench/rel-amazon_item-churn_fdhg_wo_ambiguity_seed44_dfs/dfs_agg_rel-amazon_item-churn_tabpfn_seed44.json,ok,
rel-amazon,item-churn,fdhg_dmax1_no_ambiguity,44,tabpfn,val,,,24,,1,True,False,False,False,False,0.682,0.7722170646445311,0.6498633602622272,0.5895964835456423,,,results/phase2_relbench/rel-amazon_item-churn_fdhg_wo_ambiguity_seed44_fdhg/dfs_agg_rel-amazon_item-churn_tabpfn_seed44.json,ok,
rel-amazon,item-churn,fdhg_dmax1_no_ambiguity,44,tabpfn,val,,,19,,1,False,False,False,False,False,0.627,0.6818104330037505,0.5542302092851948,0.6334149361514593,,,results/phase2_relbench/rel-amazon_item-churn_fdhg_wo_ambiguity_seed44_naive/dfs_agg_rel-amazon_item-churn_tabpfn_seed44.json,ok,
rel-amazon,item-churn,fdhg_dmax1_random_same_budget,41,tabpfn,val,,,32,,1,True,True,False,False,False,0.68,0.7580801967807539,0.6357261426402905,0.601670351259766,,,results/phase2_relbench/rel-amazon_item-churn_random_same_budget_seed41_fdhg/dfs_agg_rel-amazon_item-churn_tabpfn_seed41.json,ok,
rel-amazon,item-churn,fdhg_dmax1_random_same_budget,42,tabpfn,val,,,32,,1,True,True,False,False,False,0.6785,0.7694690500849509,0.6296644701412522,0.5752717071172018,,,results/phase2_relbench/rel-amazon_item-churn_random_same_budget_seed42_fdhg/dfs_agg_rel-amazon_item-churn_tabpfn_seed42.json,ok,
rel-amazon,item-churn,fdhg_dmax1_random_same_budget,43,tabpfn,val,,,32,,1,True,True,False,False,False,0.644,0.7303601292661972,0.6142614379310265,0.6472792624778508,,,results/phase2_relbench/rel-amazon_item-churn_random_same_budget_seed43_fdhg/dfs_agg_rel-amazon_item-churn_tabpfn_seed43.json,ok,
rel-amazon,item-churn,fdhg_dmax1_random_same_budget,44,tabpfn,val,,,32,,1,True,True,False,False,False,0.6835,0.7723372179478227,0.6518245412182467,0.5918242929364231,,,results/phase2_relbench/rel-amazon_item-churn_random_same_budget_seed44_fdhg/dfs_agg_rel-amazon_item-churn_tabpfn_seed44.json,ok,
rel-amazon,item-churn,fdhg_dmax1_shuffle_ambiguity,41,tabpfn,val,,,32,,1,True,True,False,False,False,0.679,0.7576685258587855,0.6353996085873213,0.6005499411437101,,,results/phase2_relbench/rel-amazon_item-churn_shuffle_ambiguity_seed41_fdhg/dfs_agg_rel-amazon_item-churn_tabpfn_seed41.json,ok,
rel-amazon,item-churn,fdhg_dmax1_shuffle_ambiguity,42,tabpfn,val,,,32,,1,True,True,False,False,False,0.6785,0.7695211990934416,0.6301872287949235,0.5780673358626458,,,results/phase2_relbench/rel-amazon_item-churn_shuffle_ambiguity_seed42_fdhg/dfs_agg_rel-amazon_item-churn_tabpfn_seed42.json,ok,
rel-amazon,item-churn,fdhg_dmax1_shuffle_ambiguity,43,tabpfn,val,,,32,,1,True,True,False,False,False,0.6455,0.7302765607690748,0.6118474650425567,0.6476418422459397,,,results/phase2_relbench/rel-amazon_item-churn_shuffle_ambiguity_seed43_fdhg/dfs_agg_rel-amazon_item-churn_tabpfn_seed43.json,ok,
rel-amazon,item-churn,fdhg_dmax1_shuffle_ambiguity,44,tabpfn,val,,,32,,1,True,True,False,False,False,0.679,0.7723290023373413,0.6491914572496402,0.589372569458148,,,results/phase2_relbench/rel-amazon_item-churn_shuffle_ambiguity_seed44_fdhg/dfs_agg_rel-amazon_item-churn_tabpfn_seed44.json,ok,
rel-amazon,item-churn,naive,41,tabpfn,val,,,21,,,False,False,False,False,False,0.6215,0.6840512935809108,0.5695369138745547,0.6446349477443943,,,results/naive_flatten/dfs_agg_rel-amazon_item-churn_tabpfn_seed41.json,ok,
rel-amazon,item-churn,naive,41,tabpfn,val,,,19,,,False,False,False,False,False,0.6255,0.6852457552210858,0.5700563818007865,0.6431594454839928,,,results/phase2_relbench/phase2_main_runs.csv,ok,
rel-amazon,item-churn,naive,41,tabpfn,val,,,21,,,False,False,False,False,False,0.6215,0.6840512935809108,0.5695369138745547,0.6446349477443943,,,results/phase2_relbench/rel-amazon_item-churn_naive/dfs_agg_rel-amazon_item-churn_tabpfn_seed41.json,ok,
rel-amazon,item-churn,naive,42,tabpfn,val,,,19,,,False,False,False,False,False,0.631,0.6846872780407827,0.5645325411982625,0.6354347408035148,,,results/phase2_relbench/phase2_main_runs.csv,ok,
rel-amazon,item-churn,naive,43,tabpfn,val,,,19,,,False,False,False,False,False,0.6025,0.6510261090405827,0.5674182305531265,0.6464457936354159,,,results/phase2_relbench/phase2_main_runs.csv,ok,
rel-amazon,item-churn,naive,44,tabpfn,val,,,19,,,False,False,False,False,False,0.627,0.6818104330037505,0.5542302092851948,0.6334149361514593,,,results/phase2_relbench/phase2_main_runs.csv,ok,
rel-amazon,item-churn,target_only,41,tabpfn,val,,,15,,,False,False,False,False,False,0.5505,0.5899417978541602,0.494174602639038,0.6798111286290894,,,results/phase2_relbench/phase2_main_runs.csv,ok,
rel-amazon,item-churn,target_only,41,tabpfn,val,,,15,,,False,False,False,False,False,0.5505,0.5899417978541602,0.494174602639038,0.6798111286290894,,,results/week1/target_only_rel-amazon_item-churn_tabpfn_seed41.json,ok,
rel-amazon,item-churn,target_only,42,tabpfn,val,,,15,,,False,False,False,False,False,0.548,0.5501318660625694,0.43422485808021516,0.6763894903514169,,,results/week1/target_only_rel-amazon_item-churn_tabpfn_seed42.json,ok,
rel-amazon,item-churn,target_only,43,tabpfn,val,,,15,,,False,False,False,False,False,0.577,0.6002147049737411,0.48235300147489096,0.6674289133057085,,,results/week1/target_only_rel-amazon_item-churn_tabpfn_seed43.json,ok,
rel-amazon,item-churn,target_only,44,tabpfn,val,,,15,,,False,False,False,False,False,0.5685,0.5814136087413814,0.45915060201921853,0.6766965983100107,,,results/week1/target_only_rel-amazon_item-churn_tabpfn_seed44.json,ok,
rel-amazon,item-ltv,target_only,41,tabpfn,val,,,15,,,False,False,False,False,False,,,,,,,results/week1/target_only_rel-amazon_item-ltv_tabpfn_seed41.json,failed,
rel-amazon,user-churn,dfs,41,tabpfn,val,,,10,,1,False,False,False,False,False,0.6945,0.653260664354773,0.7429476562904577,0.6100920670923665,,,results/phase2_relbench/rel-amazon_user-churn_dfs/dfs_agg_rel-amazon_user-churn_tabpfn_seed41.json,ok,
rel-amazon,user-churn,dfs,41,tabpfn,val,,,10,,1,False,True,False,False,False,0.6945,0.653260664354773,0.7429476562904577,0.6100920670923665,,,results/phase2_relbench/rel-amazon_user-churn_fdhg/dfs_agg_rel-amazon_user-churn_tabpfn_seed41.json,ok,
rel-amazon,user-churn,dfs,42,tabpfn,val,,,10,,1,False,False,False,False,False,0.6705,0.6240685837225166,0.7098314682525458,0.6205777297261622,,,results/phase2_main_missing_general/rel-amazon_user-churn_dfs/dfs_agg_rel-amazon_user-churn_tabpfn_seed42.json,ok,
rel-amazon,user-churn,dfs,42,tabpfn,val,,,10,,1,False,True,False,False,False,0.6705,0.6240685837225166,0.7098314682525458,0.6205777297261622,,,results/phase2_main_missing_general/rel-amazon_user-churn_fdhg/dfs_agg_rel-amazon_user-churn_tabpfn_seed42.json,ok,
rel-amazon,user-churn,dfs,43,tabpfn,val,,,10,,1,False,False,False,False,False,0.6815,0.6215435112847221,0.7132375620873699,0.6234072219365637,,,results/phase2_main_missing_general/rel-amazon_user-churn_dfs/dfs_agg_rel-amazon_user-churn_tabpfn_seed43.json,ok,
rel-amazon,user-churn,dfs,43,tabpfn,val,,,10,,1,False,True,False,False,False,0.6815,0.6215435112847221,0.7132375620873699,0.6234072219365637,,,results/phase2_main_missing_general/rel-amazon_user-churn_fdhg/dfs_agg_rel-amazon_user-churn_tabpfn_seed43.json,ok,
rel-amazon,user-churn,dfs,44,tabpfn,val,,,10,,1,False,False,False,False,False,0.683,0.6687349892967159,0.7523550084589775,0.6067352598308279,,,results/phase2_main_missing_general/rel-amazon_user-churn_dfs/dfs_agg_rel-amazon_user-churn_tabpfn_seed44.json,ok,
rel-amazon,user-churn,dfs,44,tabpfn,val,,,10,,1,False,True,False,False,False,0.683,0.6687349892967159,0.7523550084589775,0.6067352598308279,,,results/phase2_main_missing_general/rel-amazon_user-churn_fdhg/dfs_agg_rel-amazon_user-churn_tabpfn_seed44.json,ok,
rel-amazon,user-churn,naive,41,tabpfn,val,,,5,,,False,False,False,False,False,0.676,0.6182344816621786,0.7318426403587432,0.6249899047171312,,,results/phase2_relbench/rel-amazon_user-churn_naive/dfs_agg_rel-amazon_user-churn_tabpfn_seed41.json,ok,
rel-amazon,user-churn,naive,42,tabpfn,val,,,5,,,False,False,False,False,False,0.653,0.607932233999755,0.7189028456258015,0.6327271444604966,,,results/phase2_main_missing_general/rel-amazon_user-churn_naive/dfs_agg_rel-amazon_user-churn_tabpfn_seed42.json,ok,
rel-amazon,user-churn,naive,43,tabpfn,val,,,5,,,False,False,False,False,False,0.6415,0.6001627604166666,0.7049372889970885,0.6395709761120304,,,results/phase2_main_missing_general/rel-amazon_user-churn_naive/dfs_agg_rel-amazon_user-churn_tabpfn_seed43.json,ok,
rel-amazon,user-churn,naive,44,tabpfn,val,,,5,,,False,False,False,False,False,0.6495,0.62934059503298,0.7399425079018194,0.6305100950723971,,,results/phase2_main_missing_general/rel-amazon_user-churn_naive/dfs_agg_rel-amazon_user-churn_tabpfn_seed44.json,ok,
rel-amazon,user-churn,target_only,41,tabpfn,val,,,1,,,False,False,False,False,False,0.6335,0.4845640893668752,0.6269651592385237,0.6572814257517727,,,results/week1/target_only_rel-amazon_user-churn_tabpfn_seed41.json,ok,
rel-amazon,user-churn,target_only,42,tabpfn,val,,,1,,,False,False,False,False,False,0.641,0.5116651601997227,0.6485376991636266,0.652906811394896,,,results/week1/target_only_rel-amazon_user-churn_tabpfn_seed42.json,ok,
rel-amazon,user-churn,target_only,43,tabpfn,val,,,1,,,False,False,False,False,False,0.642,0.5026578734401921,0.6444158476773287,0.6521792343797315,,,results/week1/target_only_rel-amazon_user-churn_tabpfn_seed43.json,ok,
rel-amazon,user-churn,target_only,44,tabpfn,val,,,1,,,False,False,False,False,False,0.6575,0.5027703921623047,0.6655570955208601,0.6442273570951454,,,results/week1/target_only_rel-amazon_user-churn_tabpfn_seed44.json,ok,
rel-amazon,user-ltv,target_only,41,tabpfn,val,,,1,,,False,False,False,False,False,,,,,,,results/week1/target_only_rel-amazon_user-ltv_tabpfn_seed41.json,failed,
rel-avito,ad-ctr,target_only,41,tabpfn,val,,,5,,,False,False,False,False,False,,,,,,,results/week1/target_only_rel-avito_ad-ctr_tabpfn_seed41.json,failed,
rel-avito,user-clicks,dfs,41,tabpfn,val,,,13,,1,False,False,False,False,False,0.9715,0.5944370705456384,0.060623230811714,0.1283613493208194,,,results/phase2_relbench_explicit_fixed/phase2_main_runs.csv,ok,
rel-avito,user-clicks,dfs,41,tabpfn,val,,,13,,1,False,False,False,False,False,0.9715,0.5944370705456384,0.06062323081171402,0.12836134932081947,,,results/phase2_relbench_explicit_fixed/rel-avito_user-clicks_dfs/dfs_agg_rel-avito_user-clicks_tabpfn_seed41.json,ok,
rel-avito,user-clicks,dfs,41,tabpfn,val,,,13,,1,False,True,False,False,False,0.9715,0.5944370705456384,0.06062323081171402,0.12836134932081947,,,results/phase2_relbench_explicit_fixed/rel-avito_user-clicks_fdhg/dfs_agg_rel-avito_user-clicks_tabpfn_seed41.json,ok,
rel-avito,user-clicks,fdhg_dmax1,41,tabpfn,val,,,13,,1,True,True,False,False,False,0.9715,0.5944370705456384,0.060623230811714,0.1283613493208194,,,results/phase2_relbench_explicit_fixed/phase2_main_runs.csv,ok,
rel-avito,user-clicks,naive,41,tabpfn,val,,,8,,,False,False,False,False,False,0.9715,0.5432230860217966,0.035796610777117,0.1291756964547751,,,results/phase2_relbench_explicit_fixed/phase2_main_runs.csv,ok,
rel-avito,user-clicks,naive,41,tabpfn,val,,,8,,,False,False,False,False,False,0.9715,0.5432230860217966,0.03579661077711703,0.12917569645477517,,,results/phase2_relbench_explicit_fixed/rel-avito_user-clicks_naive/dfs_agg_rel-avito_user-clicks_tabpfn_seed41.json,ok,
rel-avito,user-clicks,target_only,41,tabpfn,val,,,4,,,False,False,False,False,False,0.9655,0.4957745104661548,0.034866887363945,0.1504705423642823,,,results/phase2_relbench_explicit_fixed/phase2_main_runs.csv,ok,
rel-avito,user-clicks,target_only,41,tabpfn,val,,,4,,,False,False,False,False,False,0.9655,0.49577451046615484,0.03486688736394503,0.15047054236428237,,,results/week1/target_only_rel-avito_user-clicks_tabpfn_seed41.json,ok,
rel-avito,user-visits,dfs,41,tabpfn,val,,,13,,1,False,False,False,False,False,0.9025,0.7168207969316003,0.9567987863032564,0.30853409843397656,,,results/phase2_relbench_explicit_fixed/rel-avito_user-visits_dfs/dfs_agg_rel-avito_user-visits_tabpfn_seed41.json,ok,
rel-avito,user-visits,dfs,41,tabpfn,val,,,13,,1,False,True,False,False,False,0.9025,0.7168207969316003,0.9567987863032564,0.30853409843397656,,,results/phase2_relbench_explicit_fixed/rel-avito_user-visits_fdhg/dfs_agg_rel-avito_user-visits_tabpfn_seed41.json,ok,
rel-avito,user-visits,dfs,41,tabpfn,val,,,13,,1,False,False,False,False,False,0.9025,0.7130421194687122,0.9565681501308507,0.3085250780377309,,,results/phase2_relbench_more/rel-avito_user-visits_dfs/dfs_agg_rel-avito_user-visits_tabpfn_seed41.json,ok,
rel-avito,user-visits,dfs,41,tabpfn,val,,,13,,1,False,True,False,False,False,0.9025,0.7130421194687122,0.9565681501308507,0.3085250780377309,,,results/phase2_relbench_more/rel-avito_user-visits_fdhg/dfs_agg_rel-avito_user-visits_tabpfn_seed41.json,ok,
rel-avito,user-visits,naive,41,tabpfn,val,,,8,,,False,False,False,False,False,0.9025,0.6395184317067975,0.9329848159215697,0.31446940464789525,,,results/phase2_relbench_explicit_fixed/rel-avito_user-visits_naive/dfs_agg_rel-avito_user-visits_tabpfn_seed41.json,ok,
rel-avito,user-visits,naive,41,tabpfn,val,,,8,,,False,False,False,False,False,0.9025,0.640541231621564,0.9327364226577388,0.3148300546163864,,,results/phase2_relbench_more/rel-avito_user-visits_naive/dfs_agg_rel-avito_user-visits_tabpfn_seed41.json,ok,
rel-avito,user-visits,target_only,41,tabpfn,val,,,4,,,False,False,False,False,False,0.9065,0.5401806914411956,0.9168271438347395,0.31374595440007075,,,results/week1/target_only_rel-avito_user-visits_tabpfn_seed41.json,ok,
rel-event,user-attendance,target_only,41,tabpfn,val,,,6,,,False,False,False,False,False,,,,,,,results/week1/target_only_rel-event_user-attendance_tabpfn_seed41.json,failed,
rel-event,user-ignore,dfs,41,tabpfn,val,,,15,,1,False,False,False,False,False,0.924,0.8835418186039352,0.6344844971535823,0.2169913130056204,,,results/phase2_relbench_explicit_fixed/rel-event_user-ignore_dfs/dfs_agg_rel-event_user-ignore_tabpfn_seed41.json,ok,
rel-event,user-ignore,dfs,41,tabpfn,val,,,15,,1,False,True,False,False,False,0.924,0.8835418186039352,0.6344844971535823,0.2169913130056204,,,results/phase2_relbench_explicit_fixed/rel-event_user-ignore_fdhg/dfs_agg_rel-event_user-ignore_tabpfn_seed41.json,ok,
rel-event,user-ignore,dfs,41,tabpfn,val,,,15,,1,False,False,False,False,False,0.924,0.8835418186039352,0.6344844971535823,0.2169913130056204,,,results/phase2_relbench_rel_event/rel-event_user-ignore_dfs/dfs_agg_rel-event_user-ignore_tabpfn_seed41.json,ok,
rel-event,user-ignore,dfs,41,tabpfn,val,,,15,,1,False,True,False,False,False,0.924,0.8835418186039352,0.6344844971535823,0.2169913130056204,,,results/phase2_relbench_rel_event/rel-event_user-ignore_fdhg/dfs_agg_rel-event_user-ignore_tabpfn_seed41.json,ok,
rel-event,user-ignore,naive,41,tabpfn,val,,,10,,,False,False,False,False,False,0.925,0.8809589901860091,0.6526896188601606,0.21618604876288958,,,results/phase2_relbench_explicit_fixed/rel-event_user-ignore_naive/dfs_agg_rel-event_user-ignore_tabpfn_seed41.json,ok,
rel-event,user-ignore,naive,41,tabpfn,val,,,10,,,False,False,False,False,False,0.925,0.8809589901860091,0.6526896188601606,0.21618604876288958,,,results/phase2_relbench_rel_event/rel-event_user-ignore_naive/dfs_agg_rel-event_user-ignore_tabpfn_seed41.json,ok,
rel-event,user-ignore,target_only,41,tabpfn,val,,,6,,,False,False,False,False,False,0.9285,0.8915935139079672,0.6687328563967875,0.19912387988215938,,,results/week1/target_only_rel-event_user-ignore_tabpfn_seed41.json,ok,
rel-event,user-repeat,dfs,41,tabpfn,val,,,15,,1,False,False,False,False,False,0.664179104477612,0.736845039018952,0.7319375167386393,0.6264768259600388,,,results/phase2_relbench_explicit_fixed/rel-event_user-repeat_dfs/dfs_agg_rel-event_user-repeat_tabpfn_seed41.json,ok,
rel-event,user-repeat,dfs,41,tabpfn,val,,,15,,1,False,True,False,False,False,0.664179104477612,0.736845039018952,0.7319375167386393,0.6264768259600388,,,results/phase2_relbench_explicit_fixed/rel-event_user-repeat_fdhg/dfs_agg_rel-event_user-repeat_tabpfn_seed41.json,ok,
rel-event,user-repeat,dfs,41,tabpfn,val,,,15,,1,False,False,False,False,False,0.664179104477612,0.736845039018952,0.7319375167386393,0.6264768259600388,,,results/phase2_relbench_rel_event/phase2_main_runs.csv,ok,
rel-event,user-repeat,dfs,41,tabpfn,val,,,15,,1,False,False,False,False,False,0.664179104477612,0.736845039018952,0.7319375167386393,0.6264768259600388,,,results/phase2_relbench_rel_event/rel-event_user-repeat_dfs/dfs_agg_rel-event_user-repeat_tabpfn_seed41.json,ok,
rel-event,user-repeat,dfs,41,tabpfn,val,,,15,,1,False,True,False,False,False,0.664179104477612,0.736845039018952,0.7319375167386393,0.6264768259600388,,,results/phase2_relbench_rel_event/rel-event_user-repeat_fdhg/dfs_agg_rel-event_user-repeat_tabpfn_seed41.json,ok,
rel-event,user-repeat,fdhg_dmax1,41,tabpfn,val,,,15,,1,True,True,False,False,False,0.664179104477612,0.736845039018952,0.7319375167386393,0.6264768259600388,,,results/phase2_relbench_rel_event/phase2_main_runs.csv,ok,
rel-event,user-repeat,naive,41,tabpfn,val,,,10,,,False,False,False,False,False,0.6529850746268657,0.7384057971014493,0.7357792783783743,0.6261220105793169,,,results/phase2_relbench_explicit_fixed/rel-event_user-repeat_naive/dfs_agg_rel-event_user-repeat_tabpfn_seed41.json,ok,
rel-event,user-repeat,naive,41,tabpfn,val,,,10,,,False,False,False,False,False,0.6529850746268657,0.7384057971014493,0.7357792783783743,0.6261220105793169,,,results/phase2_relbench_rel_event/phase2_main_runs.csv,ok,
rel-event,user-repeat,naive,41,tabpfn,val,,,10,,,False,False,False,False,False,0.6529850746268657,0.7384057971014493,0.7357792783783743,0.6261220105793169,,,results/phase2_relbench_rel_event/rel-event_user-repeat_naive/dfs_agg_rel-event_user-repeat_tabpfn_seed41.json,ok,
rel-event,user-repeat,target_only,41,tabpfn,val,,,6,,,False,False,False,False,False,0.6604477611940298,0.735897435897436,0.724945404768059,0.6182929879174557,,,results/phase2_relbench_rel_event/phase2_main_runs.csv,ok,
rel-event,user-repeat,target_only,41,tabpfn,val,,,6,,,False,False,False,False,False,0.6604477611940298,0.735897435897436,0.724945404768059,0.6182929879174557,,,results/week1/target_only_rel-event_user-repeat_tabpfn_seed41.json,ok,
rel-f1,driver-dnf,dfs,41,tabpfn,val,,,15,,1,False,False,False,False,False,0.666077738515901,0.6164353741496599,0.8489365514355056,0.5557652886759333,,,results/phase2_relbench_new_datasets/rel-f1_driver-dnf_dfs/dfs_agg_rel-f1_driver-dnf_tabpfn_seed41.json,ok,
rel-f1,driver-dnf,dfs,41,tabpfn,val,,,23,,1,False,True,False,False,False,0.6908127208480566,0.626938775510204,0.8519200201087274,0.555026548964891,,,results/phase2_relbench_new_datasets/rel-f1_driver-dnf_fdhg/dfs_agg_rel-f1_driver-dnf_tabpfn_seed41.json,ok,
rel-f1,driver-dnf,dfs,42,tabpfn,val,,,15,,1,False,False,False,False,False,0.6996466431095406,0.6330340136054422,0.855340721425342,0.5598069404913275,,,results/phase2_main_missing_general/phase2_main_runs.csv,ok,
rel-f1,driver-dnf,dfs,42,tabpfn,val,,,15,,1,False,False,False,False,False,0.6996466431095406,0.6330340136054422,0.855340721425342,0.5598069404913275,,,results/phase2_main_missing_general/rel-f1_driver-dnf_dfs/dfs_agg_rel-f1_driver-dnf_tabpfn_seed42.json,ok,
rel-f1,driver-dnf,dfs,42,tabpfn,val,,,23,,1,False,True,False,False,False,0.7014134275618374,0.6368616780045352,0.8569969462474671,0.5610040331455656,,,results/phase2_main_missing_general/rel-f1_driver-dnf_fdhg/dfs_agg_rel-f1_driver-dnf_tabpfn_seed42.json,ok,
rel-f1,driver-dnf,dfs,43,tabpfn,val,,,15,,1,False,False,False,False,False,0.6537102473498233,0.583891156462585,0.8433473513268916,0.5924305084757328,,,results/phase2_main_missing_general/phase2_main_runs.csv,ok,
rel-f1,driver-dnf,dfs,43,tabpfn,val,,,15,,1,False,False,False,False,False,0.6537102473498233,0.583891156462585,0.8433473513268916,0.5924305084757328,,,results/phase2_main_missing_general/rel-f1_driver-dnf_dfs/dfs_agg_rel-f1_driver-dnf_tabpfn_seed43.json,ok,
rel-f1,driver-dnf,dfs,43,tabpfn,val,,,23,,1,False,True,False,False,False,0.666077738515901,0.5983492063492064,0.8487575610530114,0.5892269638969266,,,results/phase2_main_missing_general/rel-f1_driver-dnf_fdhg/dfs_agg_rel-f1_driver-dnf_tabpfn_seed43.json,ok,
rel-f1,driver-dnf,dfs,44,tabpfn,val,,,15,,1,False,False,False,False,False,0.6431095406360424,0.6101043083900227,0.84353411042668,0.5810019528853614,,,results/phase2_main_missing_general/phase2_main_runs.csv,ok,
rel-f1,driver-dnf,dfs,44,tabpfn,val,,,15,,1,False,False,False,False,False,0.6431095406360424,0.6101043083900227,0.84353411042668,0.5810019528853614,,,results/phase2_main_missing_general/rel-f1_driver-dnf_dfs/dfs_agg_rel-f1_driver-dnf_tabpfn_seed44.json,ok,
rel-f1,driver-dnf,dfs,44,tabpfn,val,,,23,,1,False,True,False,False,False,0.7084805653710248,0.6334331065759637,0.850097581927789,0.5635997105729592,,,results/phase2_main_missing_general/rel-f1_driver-dnf_fdhg/dfs_agg_rel-f1_driver-dnf_tabpfn_seed44.json,ok,
rel-f1,driver-dnf,dfs_plus_last,41,tabpfn,val,,,22,,1,False,False,False,False,False,0.803886925795053,0.8136054421768708,0.9380868427108358,0.4148087463297341,,,results/phase2_temporal/rel-f1_driver-dnf/dfs_plus_last/dfs_plus_last_tabpfn_seed41.json,ok,
rel-f1,driver-dnf,dfs_plus_last,42,tabpfn,val,,,22,,1,False,False,False,False,False,0.8003533568904594,0.8009977324263038,0.9316414906563151,0.42701777849516326,,,results/phase2_temporal/rel-f1_driver-dnf/dfs_plus_last/dfs_plus_last_tabpfn_seed42.json,ok,
rel-f1,driver-dnf,dfs_plus_last,43,tabpfn,val,,,22,,1,False,False,False,False,False,0.8056537102473498,0.8064761904761906,0.9341068537066359,0.422768459974632,,,results/phase2_temporal/rel-f1_driver-dnf/dfs_plus_last/dfs_plus_last_tabpfn_seed43.json,ok,
rel-f1,driver-dnf,dfs_plus_last,44,tabpfn,val,,,22,,1,False,False,False,False,False,0.8091872791519434,0.8097233560090704,0.9365694415700841,0.42029167914446336,,,results/phase2_temporal/rel-f1_driver-dnf/dfs_plus_last/dfs_plus_last_tabpfn_seed44.json,ok,
rel-f1,driver-dnf,fdhg_dmax1,42,tabpfn,val,,,23,,1,True,True,False,False,False,0.7014134275618374,0.6368616780045352,0.8569969462474671,0.5610040331455656,,,results/phase2_main_missing_general/phase2_main_runs.csv,ok,
rel-f1,driver-dnf,fdhg_dmax1,43,tabpfn,val,,,23,,1,True,True,False,False,False,0.666077738515901,0.5983492063492064,0.8487575610530114,0.5892269638969266,,,results/phase2_main_missing_general/phase2_main_runs.csv,ok,
rel-f1,driver-dnf,fdhg_dmax1,44,tabpfn,val,,,23,,1,True,True,False,False,False,0.7084805653710248,0.6334331065759637,0.850097581927789,0.5635997105729592,,,results/phase2_main_missing_general/phase2_main_runs.csv,ok,
rel-f1,driver-dnf,fdhg_plus_last,41,tabpfn,val,,,30,,1,True,True,False,False,False,0.803886925795053,0.8026122448979591,0.9295784281459026,0.42628200985856435,,,results/phase2_temporal/rel-f1_driver-dnf/fdhg_plus_last/fdhg_plus_last_tabpfn_seed41.json,ok,
rel-f1,driver-dnf,fdhg_plus_last,42,tabpfn,val,,,30,,1,True,True,False,False,False,0.8109540636042403,0.7931065759637187,0.9230354007701826,0.4365814153899043,,,results/phase2_temporal/rel-f1_driver-dnf/fdhg_plus_last/fdhg_plus_last_tabpfn_seed42.json,ok,
rel-f1,driver-dnf,fdhg_plus_last,43,tabpfn,val,,,30,,1,True,True,False,False,False,0.7950530035335689,0.7988571428571428,0.9282594817266729,0.4343933636751888,,,results/phase2_temporal/rel-f1_driver-dnf/fdhg_plus_last/fdhg_plus_last_tabpfn_seed43.json,ok,
rel-f1,driver-dnf,fdhg_plus_last,44,tabpfn,val,,,30,,1,True,True,False,False,False,0.8127208480565371,0.8005079365079365,0.9309441099905169,0.4270089389670948,,,results/phase2_temporal/rel-f1_driver-dnf/fdhg_plus_last/fdhg_plus_last_tabpfn_seed44.json,ok,
rel-f1,driver-dnf,history_only,41,tabpfn,val,,,24,,,False,False,False,False,False,0.7756183745583038,0.6442721088435375,0.8677686165472844,0.516512933176094,,,results/phase2_temporal/rel-f1_driver-dnf/ablations/history_only/history_only_tabpfn_seed41.json,ok,
rel-f1,driver-dnf,last_only,41,tabpfn,val,,,8,,,False,False,False,False,False,0.7826855123674912,0.806485260770975,0.9349886065329598,0.43183625231135986,,,results/phase2_temporal/rel-f1_driver-dnf/ablations/last_only/last_only_tabpfn_seed41.json,ok,
rel-f1,driver-dnf,last_only,42,tabpfn,val,,,8,,,False,False,False,False,False,0.7826855123674912,0.8043628117913832,0.9329146356888953,0.42988877920723056,,,results/phase2_temporal/rel-f1_driver-dnf/ablations/last_only/last_only_tabpfn_seed42.json,ok,
rel-f1,driver-dnf,last_only,43,tabpfn,val,,,8,,,False,False,False,False,False,0.7809187279151943,0.8057777777777777,0.9341248187307409,0.42933212066974313,,,results/phase2_temporal/rel-f1_driver-dnf/ablations/last_only/last_only_tabpfn_seed43.json,ok,
rel-f1,driver-dnf,last_only,44,tabpfn,val,,,8,,,False,False,False,False,False,0.7826855123674912,0.8063038548752833,0.934345920251971,0.4315306640739193,,,results/phase2_temporal/rel-f1_driver-dnf/ablations/last_only/last_only_tabpfn_seed44.json,ok,
rel-f1,driver-dnf,naive,41,tabpfn,val,,,10,,,False,False,False,False,False,0.7862190812720848,0.7486258503401361,0.8876574428811134,0.46370439720064033,,,results/phase2_relbench_new_datasets/rel-f1_driver-dnf_naive/dfs_agg_rel-f1_driver-dnf_tabpfn_seed41.json,ok,
rel-f1,driver-dnf,naive,42,tabpfn,val,,,10,,,False,False,False,False,False,0.784452296819788,0.7550839002267574,0.8951854263293334,0.4618153477909042,,,results/phase2_main_missing_general/phase2_main_runs.csv,ok,
rel-f1,driver-dnf,naive,42,tabpfn,val,,,10,,,False,False,False,False,False,0.784452296819788,0.7550839002267574,0.8951854263293334,0.4618153477909042,,,results/phase2_main_missing_general/rel-f1_driver-dnf_naive/dfs_agg_rel-f1_driver-dnf_tabpfn_seed42.json,ok,
rel-f1,driver-dnf,naive,43,tabpfn,val,,,10,,,False,False,False,False,False,0.7862190812720848,0.7530158730158729,0.8954888008706741,0.4637476914113344,,,results/phase2_main_missing_general/phase2_main_runs.csv,ok,
rel-f1,driver-dnf,naive,43,tabpfn,val,,,10,,,False,False,False,False,False,0.7862190812720848,0.7530158730158729,0.8954888008706741,0.46374769141133443,,,results/phase2_main_missing_general/rel-f1_driver-dnf_naive/dfs_agg_rel-f1_driver-dnf_tabpfn_seed43.json,ok,
rel-f1,driver-dnf,naive,44,tabpfn,val,,,10,,,False,False,False,False,False,0.7826855123674912,0.7533242630385487,0.8882525656035511,0.4627591275333212,,,results/phase2_main_missing_general/phase2_main_runs.csv,ok,
rel-f1,driver-dnf,naive,44,tabpfn,val,,,10,,,False,False,False,False,False,0.7826855123674912,0.7533242630385487,0.8882525656035511,0.46275912753332127,,,results/phase2_main_missing_general/rel-f1_driver-dnf_naive/dfs_agg_rel-f1_driver-dnf_tabpfn_seed44.json,ok,
rel-f1,driver-dnf,no_statusId,41,tabpfn,val,,,56,,,False,False,False,False,False,0.7879858657243817,0.8015328798185941,0.9312338059547968,0.43193998297660585,,,results/phase2_temporal/rel-f1_driver-dnf/ablations/no_statusId/no_statusId_tabpfn_seed41.json,ok,
rel-f1,driver-dnf,no_statusId,42,tabpfn,val,,,56,,,False,False,False,False,False,0.7985865724381626,0.7982312925170068,0.9308443726285904,0.43441185419633505,,,results/phase2_temporal/rel-f1_driver-dnf/ablations/no_statusId/no_statusId_tabpfn_seed42.json,ok,
rel-f1,driver-dnf,no_statusId,43,tabpfn,val,,,56,,,False,False,False,False,False,0.7879858657243817,0.8012244897959184,0.9322433300857034,0.42976200237603257,,,results/phase2_temporal/rel-f1_driver-dnf/ablations/no_statusId/no_statusId_tabpfn_seed43.json,ok,
rel-f1,driver-dnf,no_statusId,44,tabpfn,val,,,56,,,False,False,False,False,False,0.7968197879858657,0.8005532879818593,0.9311020349852989,0.4357922665172119,,,results/phase2_temporal/rel-f1_driver-dnf/ablations/no_statusId/no_statusId_tabpfn_seed44.json,ok,
rel-f1,driver-dnf,recency_only,41,tabpfn,val,,,24,,,False,False,False,False,False,0.7791519434628975,0.538421768707483,0.8095688764307846,0.5880986057024195,,,results/phase2_temporal/rel-f1_driver-dnf/ablations/recency_only/recency_only_tabpfn_seed41.json,ok,
rel-f1,driver-dnf,results_only,41,tabpfn,val,,,40,,,False,False,False,False,False,0.7897526501766784,0.7682448979591836,0.9189135608264476,0.45114743299419496,,,results/phase2_temporal/rel-f1_driver-dnf/ablations/results_only/results_only_tabpfn_seed41.json,ok,
rel-f1,driver-dnf,standings_only,41,tabpfn,val,,,24,,,False,False,False,False,False,0.7826855123674912,0.7925170068027212,0.9250067523088886,0.44056875428617603,,,results/phase2_temporal/rel-f1_driver-dnf/ablations/standings_only/standings_only_tabpfn_seed41.json,ok,
rel-f1,driver-dnf,target_only,41,tabpfn,val,,,6,,,False,False,False,False,False,0.7756183745583038,0.5707120181405896,0.7962695726791515,0.592068359399311,,,results/week1/target_only_rel-f1_driver-dnf_tabpfn_seed41.json,ok,
rel-f1,driver-dnf,target_only,42,tabpfn,val,,,6,,,False,False,False,False,False,0.7756183745583038,0.5739501133786847,0.796106565733334,0.5839621576274581,,,results/week1/target_only_rel-f1_driver-dnf_tabpfn_seed42.json,ok,
rel-f1,driver-dnf,target_only,43,tabpfn,val,,,6,,,False,False,False,False,False,0.7756183745583038,0.5668390022675737,0.7916391529469716,0.5869783003075735,,,results/week1/target_only_rel-f1_driver-dnf_tabpfn_seed43.json,ok,
rel-f1,driver-dnf,target_only,44,tabpfn,val,,,6,,,False,False,False,False,False,0.7756183745583038,0.5484444444444445,0.7894233773226178,0.5871508050340369,,,results/week1/target_only_rel-f1_driver-dnf_tabpfn_seed44.json,ok,
rel-f1,driver-dnf,target_temporal_smoke,41,tabpfn,val,,,64,,,False,False,False,False,False,0.7950530035335689,0.8049433106575964,0.9345082918659648,0.43051602659328436,,,results/phase2_temporal/rel-f1_driver-dnf/target_temporal_smoke_tabpfn_seed41.json,ok,
rel-f1,driver-dnf,temporal_full,41,tabpfn,val,,,64,,,False,False,False,False,False,0.7950530035335689,0.8049433106575964,0.9345082918659648,0.43051602659328436,,,results/phase2_temporal/rel-f1_driver-dnf/ablations/temporal_full/temporal_full_tabpfn_seed41.json,ok,
rel-f1,driver-dnf,temporal_full,42,tabpfn,val,,,64,,,False,False,False,False,False,0.7985865724381626,0.801514739229025,0.9327851906878193,0.43049135301677843,,,results/phase2_temporal/rel-f1_driver-dnf/ablations/temporal_full/temporal_full_tabpfn_seed42.json,ok,
rel-f1,driver-dnf,temporal_full,43,tabpfn,val,,,64,,,False,False,False,False,False,0.7985865724381626,0.8024399092970522,0.933124868122533,0.429273771327717,,,results/phase2_temporal/rel-f1_driver-dnf/ablations/temporal_full/temporal_full_tabpfn_seed43.json,ok,
rel-f1,driver-dnf,temporal_full,44,tabpfn,val,,,64,,,False,False,False,False,False,0.7985865724381626,0.7997732426303854,0.9309241913647457,0.43426227142115437,,,results/phase2_temporal/rel-f1_driver-dnf/ablations/temporal_full/temporal_full_tabpfn_seed44.json,ok,
rel-f1,driver-dnf,trend_only,41,tabpfn,val,,,8,,,False,False,False,False,False,0.7826855123674912,0.7873287981859411,0.9236700773513457,0.44712722457785165,,,results/phase2_temporal/rel-f1_driver-dnf/ablations/trend_only/trend_only_tabpfn_seed41.json,ok,
rel-f1,driver-position,target_only,41,tabpfn,val,,,6,,,False,False,False,False,False,,,,,,,results/week1/target_only_rel-f1_driver-position_tabpfn_seed41.json,failed,
rel-f1,driver-top3,target_only,41,tabpfn,val,,,6,,,False,False,False,False,False,0.79421768707483,0.4832559889627493,0.2688906849108229,0.6827538359361761,,,results/week1/target_only_rel-f1_driver-top3_tabpfn_seed41.json,ok,
rel-hm,item-sales,target_only,41,tabpfn,val,,,24,,,False,False,False,False,False,,,,,,,results/week1/target_only_rel-hm_item-sales_tabpfn_seed41.json,failed,
rel-hm,user-churn,target_only,41,tabpfn,val,,,6,,,False,False,False,False,False,0.8045,0.5633417525142302,0.833876235509779,0.49605831599205796,,,results/week1/target_only_rel-hm_user-churn_tabpfn_seed41.json,ok,
rel-stack,post-votes,target_only,41,tabpfn,val,,,10,,,False,False,False,False,False,,,,,,,results/week1/target_only_rel-stack_post-votes_tabpfn_seed41.json,failed,
rel-stack,user-badge,dfs,41,,val,10000,247398,15,,2,False,False,True,False,False,0.9709698542429608,0.8680709804227033,0.2923983393001161,0.09866982625926513,,,results/extension_b_dmax2/runs/rel-stack_user-badge_regen_dmax1_dfs_alone_seed41.json,ok,
rel-stack,user-badge,dfs,41,tabpfn,val,,,24,,1,False,True,False,False,False,0.968,0.8438064953512397,0.29001944838954496,0.10801241192341496,,,results/phase2_relbench/rel-stack_user-badge_fdhg_shuffled_all_ambiguity_fdhg/dfs_agg_rel-stack_user-badge_tabpfn_seed41.json,ok,
rel-stack,user-badge,dfs,41,tabpfn,val,,,24,,1,False,True,False,False,False,0.9665,0.8844831482438017,0.28178743773984943,0.10537891768962168,,,results/phase2_relbench/rel-stack_user-badge_fdhg_shuffled_ambiguity_fdhg/dfs_agg_rel-stack_user-badge_tabpfn_seed41.json,ok,
rel-stack,user-badge,dfs,41,tabpfn,val,,,20,,1,False,True,False,False,False,0.9665,0.8816583806818181,0.2788985705092061,0.10543399278832757,,,results/phase2_relbench/rel-stack_user-badge_no_amb_missing_seed41_fdhg/dfs_agg_rel-stack_user-badge_tabpfn_seed41.json,ok,
rel-stack,user-badge,dfs,41,tabpfn,val,,,16,,1,False,False,False,False,False,0.9675,0.8428944989669422,0.2885356014574716,0.10820204830166648,,,results/phase2_relbench_new_datasets/rel-stack_user-badge_dfs/dfs_agg_rel-stack_user-badge_tabpfn_seed41.json,ok,
rel-stack,user-badge,dfs,41,tabpfn,val,,,24,,1,False,True,False,False,False,0.9665,0.8799312370867769,0.2825739350039388,0.10563154704884517,,,results/phase2_relbench_new_datasets/rel-stack_user-badge_fdhg/dfs_agg_rel-stack_user-badge_tabpfn_seed41.json,ok,
rel-stack,user-badge,dfs,42,,val,10000,247398,15,,2,False,False,True,False,False,0.9715357440237997,0.8649947394880146,0.2918230392726402,0.09855957655630418,,,results/extension_b_dmax2/runs/rel-stack_user-badge_regen_dmax1_dfs_alone_seed42.json,ok,
rel-stack,user-badge,dfs,42,tabpfn,val,,,16,,1,False,False,False,False,False,0.9675,0.837739581836167,0.2077484080629156,0.1133286531122054,,,results/phase2_main_missing_relstack_seed42_44/phase2_main_runs.csv,ok,
rel-stack,user-badge,dfs,42,tabpfn,val,,,16,,1,False,False,False,False,False,0.9675,0.837739581836167,0.2077484080629156,0.11332865311220545,,,results/phase2_main_missing_relstack_seed42_44/rel-stack_user-badge_dfs/dfs_agg_rel-stack_user-badge_tabpfn_seed42.json,ok,
rel-stack,user-badge,dfs,42,tabpfn,val,,,24,,1,False,True,False,False,False,0.9675,0.8765884053804985,0.22301754710323293,0.10771671820093486,,,results/phase2_main_missing_relstack_seed42_44/rel-stack_user-badge_fdhg/dfs_agg_rel-stack_user-badge_tabpfn_seed42.json,ok,
rel-stack,user-badge,dfs,42,tabpfn,val,,,20,,1,False,True,False,False,False,0.9695,0.8934468524251807,0.2680604335549524,0.09975832019082012,,,results/phase2_relbench/rel-stack_user-badge_no_amb_missing_seed42_fdhg/dfs_agg_rel-stack_user-badge_tabpfn_seed42.json,ok,
rel-stack,user-badge,dfs,43,,val,10000,247398,15,,2,False,False,True,False,False,0.9715397860936629,0.8673571361675554,0.28936832635365073,0.09881690147922599,,,results/extension_b_dmax2/runs/rel-stack_user-badge_regen_dmax1_dfs_alone_seed43.json,ok,
rel-stack,user-badge,dfs,43,tabpfn,val,,,16,,1,False,False,False,False,False,0.9695,0.8790385760396101,0.3709776923461664,0.1016805452670277,,,results/phase2_main_missing_relstack_seed42_44/phase2_main_runs.csv,ok,
rel-stack,user-badge,dfs,43,tabpfn,val,,,16,,1,False,False,False,False,False,0.9695,0.8790385760396101,0.3709776923461664,0.10168054526702772,,,results/phase2_main_missing_relstack_seed42_44/rel-stack_user-badge_dfs/dfs_agg_rel-stack_user-badge_tabpfn_seed43.json,ok,
rel-stack,user-badge,dfs,43,tabpfn,val,,,24,,1,False,True,False,False,False,0.969,0.8920591645514087,0.3482221338731848,0.1013041229718657,,,results/phase2_main_missing_relstack_seed42_44/rel-stack_user-badge_fdhg/dfs_agg_rel-stack_user-badge_tabpfn_seed43.json,ok,
rel-stack,user-badge,dfs,43,tabpfn,val,,,20,,1,False,True,False,False,False,0.971,0.8583667743882951,0.3543573023037053,0.09810284831353902,,,results/phase2_relbench/rel-stack_user-badge_no_amb_missing_seed43_fdhg/dfs_agg_rel-stack_user-badge_tabpfn_seed43.json,ok,
rel-stack,user-badge,dfs,44,,val,10000,247398,15,,2,False,False,True,False,False,0.9716974268183252,0.864939314860997,0.2998623169268062,0.09852811649797788,,,results/extension_b_dmax2/runs/rel-stack_user-badge_regen_dmax1_dfs_alone_seed44.json,ok,
rel-stack,user-badge,dfs,44,tabpfn,val,,,16,,1,False,False,False,False,False,0.971,0.8526062970086049,0.2389632592415209,0.0998714347245354,,,results/phase2_main_missing_relstack_seed42_44/phase2_main_runs.csv,ok,
rel-stack,user-badge,dfs,44,tabpfn,val,,,16,,1,False,False,False,False,False,0.971,0.8526062970086049,0.23896325924152098,0.0998714347245354,,,results/phase2_main_missing_relstack_seed42_44/rel-stack_user-badge_dfs/dfs_agg_rel-stack_user-badge_tabpfn_seed44.json,ok,
rel-stack,user-badge,dfs,44,tabpfn,val,,,24,,1,False,True,False,False,False,0.9705,0.8879197479029535,0.2218783986865346,0.09701227898517825,,,results/phase2_main_missing_relstack_seed42_44/rel-stack_user-badge_fdhg/dfs_agg_rel-stack_user-badge_tabpfn_seed44.json,ok,
rel-stack,user-badge,dfs,44,tabpfn,val,,,20,,1,False,True,False,False,False,0.9725,0.8820704467353951,0.3152083827031823,0.0997719289175064,,,results/phase2_relbench/rel-stack_user-badge_no_amb_missing_seed44_fdhg/dfs_agg_rel-stack_user-badge_tabpfn_seed44.json,ok,
rel-stack,user-badge,dmax2_all,41,,val,10000,247398,28,,2,False,False,True,False,False,0.971842941333398,0.8390348277359847,0.28774208818897806,0.10144999374550094,,,results/extension_b_dmax2/runs/rel-stack_user-badge_dmax2_all_only_seed41_filtered.json,ok,
rel-stack,user-badge,dmax2_only_random16,41,,val,10000,247398,16,16,2,False,False,True,False,False,0.97187123582244,0.8383768915790727,0.28485488399319714,0.10165112604651981,,,results/extension_b_dmax2/runs/rel-stack_user-badge_dmax2_random16_only_seed41_filtered.json,ok,
rel-stack,user-badge,dmax2_only_supervised_ap_topk16,41,,val,10000,247398,16,16,2,False,False,True,True,False,0.9718954882416188,0.8389587330743007,0.28971159121076184,0.10131491601830289,,,results/extension_c_ranker/runs/rel-stack_user-badge_dmax2_supervised_ap_topk16_only_seed41.json,ok,
rel-stack,user-badge,dmax2_only_supervised_ap_topk16,42,,val,10000,247398,16,16,2,False,False,True,True,False,0.9717823102854509,0.8391311962426461,0.2886050610210834,0.10170532508400984,,,results/extension_c_ranker/runs/rel-stack_user-badge_dmax2_supervised_ap_topk16_only_seed42.json,ok,
rel-stack,user-badge,dmax2_only_supervised_ap_topk16,43,,val,10000,247398,16,16,2,False,False,True,True,False,0.9719156985909344,0.8392289758007034,0.29176125354501814,0.10156281109127376,,,results/extension_c_ranker/runs/rel-stack_user-badge_dmax2_supervised_ap_topk16_only_seed43.json,ok,
rel-stack,user-badge,dmax2_only_supervised_ap_topk16,44,,val,10000,247398,16,16,2,False,False,True,True,False,0.971842941333398,0.8382616833827633,0.2902781150497633,0.10206253144789287,,,results/extension_c_ranker/runs/rel-stack_user-badge_dmax2_supervised_ap_topk16_only_seed44.json,ok,
rel-stack,user-badge,dmax2_only_supervised_auc_topk16,41,,val,10000,247398,16,16,2,False,False,True,True,False,0.9719156985909344,0.8391925149400178,0.2908003434001025,0.10122296013176164,,,results/extension_c_ranker/runs/rel-stack_user-badge_dmax2_supervised_auc_topk16_only_seed41.json,ok,
rel-stack,user-badge,dmax2_only_supervised_auc_topk16,42,,val,10000,247398,16,16,2,False,False,True,True,False,0.9718227309840823,0.8376071263901701,0.28861410298181794,0.10175395004753034,,,results/extension_c_ranker/runs/rel-stack_user-badge_dmax2_supervised_auc_topk16_only_seed42.json,ok,
rel-stack,user-badge,dmax2_only_supervised_auc_topk16,43,,val,10000,247398,16,16,2,False,False,True,True,False,0.9718954882416188,0.8382739336021574,0.29092360118333804,0.10157795383865102,,,results/extension_c_ranker/runs/rel-stack_user-badge_dmax2_supervised_auc_topk16_only_seed43.json,ok,
rel-stack,user-badge,dmax2_only_supervised_auc_topk16,44,,val,10000,247398,16,16,2,False,False,True,True,False,0.9717701840758616,0.8384793444070043,0.2898282437413273,0.10201688321700655,,,results/extension_c_ranker/runs/rel-stack_user-badge_dmax2_supervised_auc_topk16_only_seed44.json,ok,
rel-stack,user-badge,dmax2_only_topk16,41,,val,10000,247398,16,16,2,False,False,True,False,False,0.9719237827306607,0.8392676010151369,0.29075900812313815,0.1012404399239006,,,results/extension_b_dmax2/runs/rel-stack_user-badge_dmax2_topk16_only_seed41_filtered.json,ok,
rel-stack,user-badge,dmax2_random64_only,41,,val,10000,247398,28,64,2,False,False,True,False,False,0.9718227309840823,0.8389769275651902,0.2878068144372816,0.10148191704852912,,,results/extension_b_dmax2/runs/rel-stack_user-badge_dmax2_random64_only_seed41_filtered.json,ok,
rel-stack,user-badge,dmax2_topk,41,,val,10000,247398,28,,2,False,False,True,False,False,0.9717661420059984,0.8390532127630238,0.28748017044675656,0.10147404689334759,,,results/extension_b_dmax2/runs/rel-stack_user-badge_dmax2_topk64_only_seed41_filtered.json,ok,
rel-stack,user-badge,drop_conflict_count,41,tabpfn,val,,,22,,,True,True,False,False,False,0.967,0.8782283057851239,0.26903742229256106,0.10571487087896216,,,results/phase2_relbench/rel-stack_user-badge_drop_conflict_count_seed41_fdhg/dfs_agg_rel-stack_user-badge_tabpfn_seed41.json,ok,
rel-stack,user-badge,drop_conflict_count,42,tabpfn,val,,,22,,,True,True,False,False,False,0.9695,0.8940710409800593,0.2767378237303315,0.09927442669638627,,,results/phase2_relbench/rel-stack_user-badge_drop_conflict_count_seed42_fdhg/dfs_agg_rel-stack_user-badge_tabpfn_seed42.json,ok,
rel-stack,user-badge,drop_conflict_count,43,tabpfn,val,,,22,,,True,True,False,False,False,0.9715,0.8615895450832771,0.37393354719608435,0.09799034617526423,,,results/phase2_relbench/rel-stack_user-badge_drop_conflict_count_seed43_fdhg/dfs_agg_rel-stack_user-badge_tabpfn_seed43.json,ok,
rel-stack,user-badge,drop_conflict_count,44,tabpfn,val,,,22,,,True,True,False,False,False,0.973,0.8835910652920962,0.32493265516270936,0.09913521631933714,,,results/phase2_relbench/rel-stack_user-badge_drop_conflict_count_seed44_fdhg/dfs_agg_rel-stack_user-badge_tabpfn_seed44.json,ok,
rel-stack,user-badge,drop_entropy,41,tabpfn,val,,,22,,,True,True,False,False,False,0.9665,0.8787529054752067,0.26939296176638483,0.10556817564702177,,,results/phase2_relbench/rel-stack_user-badge_drop_entropy_seed41_fdhg/dfs_agg_rel-stack_user-badge_tabpfn_seed41.json,ok,
rel-stack,user-badge,drop_entropy,42,tabpfn,val,,,22,,,True,True,False,False,False,0.9695,0.8941958786910349,0.27639224511931265,0.09927711195438148,,,results/phase2_relbench/rel-stack_user-badge_drop_entropy_seed42_fdhg/dfs_agg_rel-stack_user-badge_tabpfn_seed42.json,ok,
rel-stack,user-badge,drop_entropy,43,tabpfn,val,,,22,,,True,True,False,False,False,0.9715,0.8616428140203842,0.3781518391338541,0.09809868291728434,,,results/phase2_relbench/rel-stack_user-badge_drop_entropy_seed43_fdhg/dfs_agg_rel-stack_user-badge_tabpfn_seed43.json,ok,
rel-stack,user-badge,drop_entropy,44,tabpfn,val,,,22,,,True,True,False,False,False,0.973,0.8835395189003437,0.3263418836362513,0.09912888340353757,,,results/phase2_relbench/rel-stack_user-badge_drop_entropy_seed44_fdhg/dfs_agg_rel-stack_user-badge_tabpfn_seed44.json,ok,
rel-stack,user-badge,drop_majconf,41,tabpfn,val,,,22,,,True,True,False,False,False,0.9665,0.8777117768595041,0.2814163808575874,0.10557528201206531,,,results/phase2_relbench/rel-stack_user-badge_drop_majconf_seed41_fdhg/dfs_agg_rel-stack_user-badge_tabpfn_seed41.json,ok,
rel-stack,user-badge,drop_majconf,42,tabpfn,val,,,22,,,True,True,False,False,False,0.9695,0.8951030327241254,0.2735400856822623,0.09935239272459426,,,results/phase2_relbench/rel-stack_user-badge_drop_majconf_seed42_fdhg/dfs_agg_rel-stack_user-badge_tabpfn_seed42.json,ok,
rel-stack,user-badge,drop_majconf,43,tabpfn,val,,,22,,,True,True,False,False,False,0.9715,0.8612965659291878,0.3747171317024715,0.09812850735496625,,,results/phase2_relbench/rel-stack_user-badge_drop_majconf_seed43_fdhg/dfs_agg_rel-stack_user-badge_tabpfn_seed43.json,ok,
rel-stack,user-badge,drop_majconf,44,tabpfn,val,,,22,,,True,True,False,False,False,0.973,0.882774914089347,0.3313505616172261,0.099223357440249,,,results/phase2_relbench/rel-stack_user-badge_drop_majconf_seed44_fdhg/dfs_agg_rel-stack_user-badge_tabpfn_seed44.json,ok,
rel-stack,user-badge,drop_support_count,41,tabpfn,val,,,22,,,True,True,False,False,False,0.9665,0.8792210098140496,0.2785850017103754,0.10546940473979921,,,results/phase2_relbench/rel-stack_user-badge_drop_support_count_seed41_fdhg/dfs_agg_rel-stack_user-badge_tabpfn_seed41.json,ok,
rel-stack,user-badge,drop_support_count,42,tabpfn,val,,,22,,,True,True,False,False,False,0.9695,0.8955940610539632,0.27691158525421006,0.09894013626506135,,,results/phase2_relbench/rel-stack_user-badge_drop_support_count_seed42_fdhg/dfs_agg_rel-stack_user-badge_tabpfn_seed42.json,ok,
rel-stack,user-badge,drop_support_count,43,tabpfn,val,,,22,,,True,True,False,False,False,0.971,0.8619002805497354,0.37228542174442425,0.09781769741864679,,,results/phase2_relbench/rel-stack_user-badge_drop_support_count_seed43_fdhg/dfs_agg_rel-stack_user-badge_tabpfn_seed43.json,ok,
rel-stack,user-badge,drop_support_count,44,tabpfn,val,,,22,,,True,True,False,False,False,0.9725,0.8844243986254295,0.32894602459547856,0.09915713893868933,,,results/phase2_relbench/rel-stack_user-badge_drop_support_count_seed44_fdhg/dfs_agg_rel-stack_user-badge_tabpfn_seed44.json,ok,
rel-stack,user-badge,fdhg_dmax1,41,,val,10000,247398,23,,2,True,True,True,False,False,0.9714225660676319,0.8824660156229364,0.3096025347174123,0.09623096430824003,,,results/extension_b_dmax2/runs/rel-stack_user-badge_regen_dmax1_fdhg_full_alone_seed41.json,ok,
rel-stack,user-badge,fdhg_dmax1,41,tabpfn,val,,,16,,1,True,True,False,False,False,0.9675,0.8428944989669422,0.2885356014574716,0.10820204830166648,,,results/phase2_relbench/rel-stack_user-badge_fdhg_full_dfs/dfs_agg_rel-stack_user-badge_tabpfn_seed41.json,ok,
rel-stack,user-badge,fdhg_dmax1,41,tabpfn,val,,,24,,1,True,True,False,False,False,0.9665,0.8799312370867769,0.2825739350039388,0.10563154704884517,,,results/phase2_relbench/rel-stack_user-badge_fdhg_full_fdhg/dfs_agg_rel-stack_user-badge_tabpfn_seed41.json,ok,
rel-stack,user-badge,fdhg_dmax1,41,tabpfn,val,,,11,,1,False,True,False,False,False,0.9685,0.8070280216942148,0.21909499435485108,0.12125830693912186,,,results/phase2_relbench/rel-stack_user-badge_fdhg_full_naive/dfs_agg_rel-stack_user-badge_tabpfn_seed41.json,ok,
rel-stack,user-badge,fdhg_dmax1,42,,val,10000,247398,23,,2,True,True,True,False,False,0.9719439930799764,0.879981368896094,0.309430241081467,0.09619154846555078,,,results/extension_b_dmax2/runs/rel-stack_user-badge_regen_dmax1_fdhg_full_alone_seed42.json,ok,
rel-stack,user-badge,fdhg_dmax1,42,tabpfn,val,,,24,,1,True,True,False,False,False,0.9675,0.8765884053804985,0.2230175471032329,0.1077167182009348,,,results/phase2_main_missing_relstack_seed42_44/phase2_main_runs.csv,ok,
rel-stack,user-badge,fdhg_dmax1,42,tabpfn,val,,,16,,1,True,True,False,False,False,0.9695,0.8720746363061354,0.2690247058919698,0.1037513158441272,,,results/phase2_relbench/rel-stack_user-badge_fdhg_full_seed42_dfs/dfs_agg_rel-stack_user-badge_tabpfn_seed42.json,ok,
rel-stack,user-badge,fdhg_dmax1,42,tabpfn,val,,,24,,1,True,True,False,False,False,0.969,0.8913828689370485,0.27741391928956416,0.09932870611846806,,,results/phase2_relbench/rel-stack_user-badge_fdhg_full_seed42_fdhg/dfs_agg_rel-stack_user-badge_tabpfn_seed42.json,ok,
rel-stack,user-badge,fdhg_dmax1,42,tabpfn,val,,,11,,1,False,True,False,False,False,0.968,0.8038133759446053,0.17041890960395492,0.12001923651210697,,,results/phase2_relbench/rel-stack_user-badge_fdhg_full_seed42_naive/dfs_agg_rel-stack_user-badge_tabpfn_seed42.json,ok,
rel-stack,user-badge,fdhg_dmax1,43,,val,10000,247398,23,,2,True,True,True,False,False,0.9719076144512082,0.8818893365734755,0.30873772400270827,0.09628085248403388,,,results/extension_b_dmax2/runs/rel-stack_user-badge_regen_dmax1_fdhg_full_alone_seed43.json,ok,
rel-stack,user-badge,fdhg_dmax1,43,tabpfn,val,,,24,,1,True,True,False,False,False,0.969,0.8920591645514087,0.3482221338731848,0.1013041229718657,,,results/phase2_main_missing_relstack_seed42_44/phase2_main_runs.csv,ok,
rel-stack,user-badge,fdhg_dmax1,43,tabpfn,val,,,16,,1,True,True,False,False,False,0.971,0.8407702688305693,0.3531790707941981,0.09963262891484627,,,results/phase2_relbench/rel-stack_user-badge_fdhg_full_seed43_dfs/dfs_agg_rel-stack_user-badge_tabpfn_seed43.json,ok,
rel-stack,user-badge,fdhg_dmax1,43,tabpfn,val,,,24,,1,True,True,False,False,False,0.971,0.8600358677509855,0.36311313501999287,0.09822369416020223,,,results/phase2_relbench/rel-stack_user-badge_fdhg_full_seed43_fdhg/dfs_agg_rel-stack_user-badge_tabpfn_seed43.json,ok,
rel-stack,user-badge,fdhg_dmax1,43,tabpfn,val,,,11,,1,False,True,False,False,False,0.971,0.807006640860826,0.2537282451631175,0.10773968221413946,,,results/phase2_relbench/rel-stack_user-badge_fdhg_full_seed43_naive/dfs_agg_rel-stack_user-badge_tabpfn_seed43.json,ok,
rel-stack,user-badge,fdhg_dmax1,44,,val,10000,247398,23,,2,True,True,True,False,False,0.9719439930799764,0.8808392484971991,0.31246929411597374,0.09598572834641145,,,results/extension_b_dmax2/runs/rel-stack_user-badge_regen_dmax1_fdhg_full_alone_seed44.json,ok,
rel-stack,user-badge,fdhg_dmax1,44,tabpfn,val,,,24,,1,True,True,False,False,False,0.9705,0.8879197479029535,0.2218783986865346,0.0970122789851782,,,results/phase2_main_missing_relstack_seed42_44/phase2_main_runs.csv,ok,
rel-stack,user-badge,fdhg_dmax1,44,tabpfn,val,,,16,,1,True,True,False,False,False,0.9725,0.8688487972508591,0.30147420841671624,0.10272175345698821,,,results/phase2_relbench/rel-stack_user-badge_fdhg_full_seed44_dfs/dfs_agg_rel-stack_user-badge_tabpfn_seed44.json,ok,
rel-stack,user-badge,fdhg_dmax1,44,tabpfn,val,,,24,,1,True,True,False,False,False,0.9725,0.8815721649484537,0.32390151922532684,0.0996241631610282,,,results/phase2_relbench/rel-stack_user-badge_fdhg_full_seed44_fdhg/dfs_agg_rel-stack_user-badge_tabpfn_seed44.json,ok,
rel-stack,user-badge,fdhg_dmax1,44,tabpfn,val,,,11,,1,False,True,False,False,False,0.97,0.8248195876288659,0.20002029178546066,0.11357278365715273,,,results/phase2_relbench/rel-stack_user-badge_fdhg_full_seed44_naive/dfs_agg_rel-stack_user-badge_tabpfn_seed44.json,ok,
rel-stack,user-badge,fdhg_dmax1_no_ambiguity,41,tabpfn,val,,,16,,1,True,False,False,False,False,0.9675,0.8428944989669422,0.2885356014574716,0.10820204830166648,,,results/phase2_relbench/rel-stack_user-badge_fdhg_wo_ambiguity_dfs/dfs_agg_rel-stack_user-badge_tabpfn_seed41.json,ok,
rel-stack,user-badge,fdhg_dmax1_no_ambiguity,41,tabpfn,val,,,16,,1,True,False,False,False,False,0.9675,0.8428944989669422,0.2885356014574716,0.10820204830166648,,,results/phase2_relbench/rel-stack_user-badge_fdhg_wo_ambiguity_fdhg/dfs_agg_rel-stack_user-badge_tabpfn_seed41.json,ok,
rel-stack,user-badge,fdhg_dmax1_no_ambiguity,41,tabpfn,val,,,11,,1,False,False,False,False,False,0.9685,0.8070280216942148,0.21909499435485108,0.12125830693912186,,,results/phase2_relbench/rel-stack_user-badge_fdhg_wo_ambiguity_naive/dfs_agg_rel-stack_user-badge_tabpfn_seed41.json,ok,
rel-stack,user-badge,fdhg_dmax1_no_ambiguity,42,tabpfn,val,,,16,,1,True,False,False,False,False,0.9695,0.8720746363061354,0.2690247058919698,0.1037513158441272,,,results/phase2_relbench/rel-stack_user-badge_fdhg_wo_ambiguity_seed42_dfs/dfs_agg_rel-stack_user-badge_tabpfn_seed42.json,ok,
rel-stack,user-badge,fdhg_dmax1_no_ambiguity,42,tabpfn,val,,,16,,1,True,False,False,False,False,0.9695,0.8720746363061354,0.2690247058919698,0.1037513158441272,,,results/phase2_relbench/rel-stack_user-badge_fdhg_wo_ambiguity_seed42_fdhg/dfs_agg_rel-stack_user-badge_tabpfn_seed42.json,ok,
rel-stack,user-badge,fdhg_dmax1_no_ambiguity,42,tabpfn,val,,,11,,1,False,False,False,False,False,0.968,0.8038133759446053,0.17041890960395492,0.12001923651210697,,,results/phase2_relbench/rel-stack_user-badge_fdhg_wo_ambiguity_seed42_naive/dfs_agg_rel-stack_user-badge_tabpfn_seed42.json,ok,
rel-stack,user-badge,fdhg_dmax1_no_ambiguity,43,tabpfn,val,,,16,,1,True,False,False,False,False,0.971,0.8407702688305693,0.3531790707941981,0.09963262891484627,,,results/phase2_relbench/rel-stack_user-badge_fdhg_wo_ambiguity_seed43_dfs/dfs_agg_rel-stack_user-badge_tabpfn_seed43.json,ok,
rel-stack,user-badge,fdhg_dmax1_no_ambiguity,43,tabpfn,val,,,16,,1,True,False,False,False,False,0.971,0.8407702688305693,0.3531790707941981,0.09963262891484627,,,results/phase2_relbench/rel-stack_user-badge_fdhg_wo_ambiguity_seed43_fdhg/dfs_agg_rel-stack_user-badge_tabpfn_seed43.json,ok,
rel-stack,user-badge,fdhg_dmax1_no_ambiguity,43,tabpfn,val,,,11,,1,False,False,False,False,False,0.971,0.807006640860826,0.2537282451631175,0.10773968221413946,,,results/phase2_relbench/rel-stack_user-badge_fdhg_wo_ambiguity_seed43_naive/dfs_agg_rel-stack_user-badge_tabpfn_seed43.json,ok,
rel-stack,user-badge,fdhg_dmax1_no_ambiguity,44,tabpfn,val,,,16,,1,True,False,False,False,False,0.9725,0.8688487972508591,0.30147420841671624,0.10272175345698821,,,results/phase2_relbench/rel-stack_user-badge_fdhg_wo_ambiguity_seed44_dfs/dfs_agg_rel-stack_user-badge_tabpfn_seed44.json,ok,
rel-stack,user-badge,fdhg_dmax1_no_ambiguity,44,tabpfn,val,,,16,,1,True,False,False,False,False,0.9725,0.8688487972508591,0.30147420841671624,0.10272175345698821,,,results/phase2_relbench/rel-stack_user-badge_fdhg_wo_ambiguity_seed44_fdhg/dfs_agg_rel-stack_user-badge_tabpfn_seed44.json,ok,
rel-stack,user-badge,fdhg_dmax1_no_ambiguity,44,tabpfn,val,,,11,,1,False,False,False,False,False,0.97,0.8248195876288659,0.20002029178546066,0.11357278365715273,,,results/phase2_relbench/rel-stack_user-badge_fdhg_wo_ambiguity_seed44_naive/dfs_agg_rel-stack_user-badge_tabpfn_seed44.json,ok,
rel-stack,user-badge,fdhg_dmax1_plus_dmax2_random16,41,,val,10000,247398,39,16,2,True,True,True,False,False,0.9719399510101132,0.8849623084440755,0.31816351479213545,0.0953146456761045,,,results/extension_b_dmax2/runs/rel-stack_user-badge_regen_dmax1_fdhg_full_plus_dmax2_random16_seed41.json,ok,
rel-stack,user-badge,fdhg_dmax1_plus_dmax2_random16,42,,val,10000,247398,38,16,2,True,True,True,False,False,0.9720450448265547,0.8829501976435188,0.31703358554398575,0.09546577272918227,,,results/extension_b_dmax2/runs/rel-stack_user-badge_regen_dmax1_fdhg_full_plus_dmax2_random16_seed42.json,ok,
rel-stack,user-badge,fdhg_dmax1_plus_dmax2_random16,43,,val,10000,247398,38,16,2,True,True,True,False,False,0.9721339703635438,0.8853817284253722,0.3192357759125995,0.09517607140018725,,,results/extension_b_dmax2/runs/rel-stack_user-badge_regen_dmax1_fdhg_full_plus_dmax2_random16_seed43.json,ok,
rel-stack,user-badge,fdhg_dmax1_plus_dmax2_random16,44,,val,10000,247398,38,16,2,True,True,True,False,False,0.9719803717087446,0.8837079271088124,0.3176901558254376,0.09522994281507709,,,results/extension_b_dmax2/runs/rel-stack_user-badge_regen_dmax1_fdhg_full_plus_dmax2_random16_seed44.json,ok,
rel-stack,user-badge,fdhg_dmax1_plus_dmax2_supervised_ap_topk16,41,,val,10000,247398,39,16,2,True,True,True,True,False,0.9719035723813451,0.8862799104154018,0.3217796674140278,0.09493904906843817,,,results/extension_c_ranker/runs/rel-stack_user-badge_regen_dmax1_fdhg_full_plus_dmax2_supervised_ap_topk16_seed41.json,ok,
rel-stack,user-badge,fdhg_dmax1_plus_dmax2_supervised_ap_topk16,42,,val,10000,247398,39,16,2,True,True,True,True,False,0.972202685551217,0.8831902024541116,0.32046727670031694,0.09529021508189826,,,results/extension_c_ranker/runs/rel-stack_user-badge_regen_dmax1_fdhg_full_plus_dmax2_supervised_ap_topk16_seed42.json,ok,
rel-stack,user-badge,fdhg_dmax1_plus_dmax2_supervised_ap_topk16,43,,val,10000,247398,39,16,2,True,True,True,True,False,0.9721541807128594,0.8856844872296017,0.32058878816829794,0.09506356356690897,,,results/extension_c_ranker/runs/rel-stack_user-badge_regen_dmax1_fdhg_full_plus_dmax2_supervised_ap_topk16_seed43.json,ok,
rel-stack,user-badge,fdhg_dmax1_plus_dmax2_supervised_ap_topk16,44,,val,10000,247398,39,16,2,True,True,True,True,False,0.9721784331320382,0.8839553066381916,0.32027643446561693,0.09510728871436676,,,results/extension_c_ranker/runs/rel-stack_user-badge_regen_dmax1_fdhg_full_plus_dmax2_supervised_ap_topk16_seed44.json,ok,
rel-stack,user-badge,fdhg_dmax1_plus_dmax2_supervised_auc_topk16,41,,val,10000,247398,39,16,2,True,True,True,True,False,0.9718752778923031,0.8864076107093313,0.3214889683438086,0.09496622920382583,,,results/extension_c_ranker/runs/rel-stack_user-badge_regen_dmax1_fdhg_full_plus_dmax2_supervised_auc_topk16_seed41.json,ok,
rel-stack,user-badge,fdhg_dmax1_plus_dmax2_supervised_auc_topk16,42,,val,10000,247398,39,16,2,True,True,True,True,False,0.9721824752019014,0.8834665240823428,0.32059771430237655,0.09528747977156594,,,results/extension_c_ranker/runs/rel-stack_user-badge_regen_dmax1_fdhg_full_plus_dmax2_supervised_auc_topk16_seed42.json,ok,
rel-stack,user-badge,fdhg_dmax1_plus_dmax2_supervised_auc_topk16,43,,val,10000,247398,39,16,2,True,True,True,True,False,0.9721016338046387,0.8856073568841464,0.3205219915219939,0.09509308610158138,,,results/extension_c_ranker/runs/rel-stack_user-badge_regen_dmax1_fdhg_full_plus_dmax2_supervised_auc_topk16_seed43.json,ok,
rel-stack,user-badge,fdhg_dmax1_plus_dmax2_supervised_auc_topk16,44,,val,10000,247398,39,16,2,True,True,True,True,False,0.972202685551217,0.8839243556379892,0.31993544087869225,0.09510676826463813,,,results/extension_c_ranker/runs/rel-stack_user-badge_regen_dmax1_fdhg_full_plus_dmax2_supervised_auc_topk16_seed44.json,ok,
rel-stack,user-badge,fdhg_dmax1_plus_dmax2_topk16,41,,val,10000,247398,39,16,2,True,True,True,False,False,0.9719076144512082,0.8858324810496381,0.32065782777429847,0.09509135362486838,,,results/extension_b_dmax2/runs/rel-stack_user-badge_regen_dmax1_fdhg_full_plus_dmax2_topk16_seed41.json,ok,
rel-stack,user-badge,fdhg_dmax1_plus_dmax2_topk16,42,,val,10000,247398,39,16,2,True,True,True,False,False,0.9722067276210802,0.8831606282772543,0.31941346882679134,0.09530462060005729,,,results/extension_b_dmax2/runs/rel-stack_user-badge_regen_dmax1_fdhg_full_plus_dmax2_topk16_seed42.json,ok,
rel-stack,user-badge,fdhg_dmax1_plus_dmax2_topk16,43,,val,10000,247398,39,16,2,True,True,True,False,False,0.9721178020840913,0.8855606418698977,0.31882759121206566,0.0952335630367977,,,results/extension_b_dmax2/runs/rel-stack_user-badge_regen_dmax1_fdhg_full_plus_dmax2_topk16_seed43.json,ok,
rel-stack,user-badge,fdhg_dmax1_plus_dmax2_topk16,44,,val,10000,247398,39,16,2,True,True,True,False,False,0.9721178020840913,0.8839798492915761,0.3192026331140384,0.09513746941083985,,,results/extension_b_dmax2/runs/rel-stack_user-badge_regen_dmax1_fdhg_full_plus_dmax2_topk16_seed44.json,ok,
rel-stack,user-badge,fdhg_dmax1_random_same_budget,41,tabpfn,val,,,24,,1,True,True,False,False,False,0.967,0.8339198088842975,0.28403646634861257,0.10889578348260329,,,results/phase2_relbench/rel-stack_user-badge_random_same_budget_seed41_fdhg/dfs_agg_rel-stack_user-badge_tabpfn_seed41.json,ok,
rel-stack,user-badge,fdhg_dmax1_random_same_budget,42,tabpfn,val,,,24,,1,True,True,False,False,False,0.9695,0.8661323612636905,0.25750225810058536,0.10376741794914492,,,results/phase2_relbench/rel-stack_user-badge_random_same_budget_seed42_fdhg/dfs_agg_rel-stack_user-badge_tabpfn_seed42.json,ok,
rel-stack,user-badge,fdhg_dmax1_random_same_budget,43,tabpfn,val,,,24,,1,True,True,False,False,False,0.971,0.8434425938421108,0.3568403772113028,0.09935948473855534,,,results/phase2_relbench/rel-stack_user-badge_random_same_budget_seed43_fdhg/dfs_agg_rel-stack_user-badge_tabpfn_seed43.json,ok,
rel-stack,user-badge,fdhg_dmax1_random_same_budget,44,tabpfn,val,,,24,,1,True,True,False,False,False,0.971,0.8792439862542956,0.28239978605628296,0.10209254777201882,,,results/phase2_relbench/rel-stack_user-badge_random_same_budget_seed44_fdhg/dfs_agg_rel-stack_user-badge_tabpfn_seed44.json,ok,
rel-stack,user-badge,fdhg_dmax1_shuffle_ambiguity,41,tabpfn,val,,,24,,1,True,True,False,False,False,0.967,0.8413610537190083,0.2853130268664792,0.10831435800494014,,,results/phase2_relbench/rel-stack_user-badge_shuffle_ambiguity_seed41_fdhg/dfs_agg_rel-stack_user-badge_tabpfn_seed41.json,ok,
rel-stack,user-badge,fdhg_dmax1_shuffle_ambiguity,42,tabpfn,val,,,24,,1,True,True,False,False,False,0.9695,0.8718748959685743,0.25732237298274374,0.10388077606088239,,,results/phase2_relbench/rel-stack_user-badge_shuffle_ambiguity_seed42_fdhg/dfs_agg_rel-stack_user-badge_tabpfn_seed42.json,ok,
rel-stack,user-badge,fdhg_dmax1_shuffle_ambiguity,43,tabpfn,val,,,24,,1,True,True,False,False,False,0.9715,0.8490624667069143,0.3470760333386051,0.09952516635232851,,,results/phase2_relbench/rel-stack_user-badge_shuffle_ambiguity_seed43_fdhg/dfs_agg_rel-stack_user-badge_tabpfn_seed43.json,ok,
rel-stack,user-badge,fdhg_dmax1_shuffle_ambiguity,44,tabpfn,val,,,24,,1,True,True,False,False,False,0.972,0.8702749140893471,0.2889579251055882,0.10247669361886252,,,results/phase2_relbench/rel-stack_user-badge_shuffle_ambiguity_seed44_fdhg/dfs_agg_rel-stack_user-badge_tabpfn_seed44.json,ok,
rel-stack,user-badge,naive,41,tabpfn,val,,,11,,,False,False,False,False,False,0.9685,0.8070280216942148,0.21909499435485108,0.12125830693912186,,,results/phase2_relbench_new_datasets/rel-stack_user-badge_naive/dfs_agg_rel-stack_user-badge_tabpfn_seed41.json,ok,
rel-stack,user-badge,naive,42,tabpfn,val,,,11,,,False,False,False,False,False,0.969,0.8108455431648898,0.1454772897426266,0.1191129143515235,,,results/phase2_main_missing_relstack_seed42_44/phase2_main_runs.csv,ok,
rel-stack,user-badge,naive,42,tabpfn,val,,,11,,,False,False,False,False,False,0.969,0.8108455431648898,0.14547728974262664,0.11911291435152353,,,results/phase2_main_missing_relstack_seed42_44/rel-stack_user-badge_naive/dfs_agg_rel-stack_user-badge_tabpfn_seed42.json,ok,
rel-stack,user-badge,naive,43,tabpfn,val,,,11,,,False,False,False,False,False,0.967,0.8674281595688007,0.2882537959480696,0.1142907921262161,,,results/phase2_main_missing_relstack_seed42_44/phase2_main_runs.csv,ok,
rel-stack,user-badge,naive,43,tabpfn,val,,,11,,,False,False,False,False,False,0.967,0.8674281595688007,0.2882537959480696,0.11429079212621618,,,results/phase2_main_missing_relstack_seed42_44/rel-stack_user-badge_naive/dfs_agg_rel-stack_user-badge_tabpfn_seed43.json,ok,
rel-stack,user-badge,naive,44,tabpfn,val,,,11,,,False,False,False,False,False,0.9715,0.8262679343753103,0.1865744658598182,0.1061956664549075,,,results/phase2_main_missing_relstack_seed42_44/phase2_main_runs.csv,ok,
rel-stack,user-badge,naive,44,tabpfn,val,,,11,,,False,False,False,False,False,0.9715,0.8262679343753103,0.18657446585981827,0.10619566645490758,,,results/phase2_main_missing_relstack_seed42_44/rel-stack_user-badge_naive/dfs_agg_rel-stack_user-badge_tabpfn_seed44.json,ok,
rel-stack,user-badge,only_conflict_count,41,tabpfn,val,,,18,,,True,True,False,False,False,0.9675,0.8770741864669422,0.2837393730881974,0.1059862137421538,,,results/phase2_relbench/rel-stack_user-badge_only_conflict_count_seed41_fdhg/dfs_agg_rel-stack_user-badge_tabpfn_seed41.json,ok,
rel-stack,user-badge,only_conflict_count,42,tabpfn,val,,,18,,,True,True,False,False,False,0.9695,0.8959602516728253,0.2747139268145547,0.09912689544998855,,,results/phase2_relbench/rel-stack_user-badge_only_conflict_count_seed42_fdhg/dfs_agg_rel-stack_user-badge_tabpfn_seed42.json,ok,
rel-stack,user-badge,only_conflict_count,43,tabpfn,val,,,18,,,True,True,False,False,False,0.971,0.8630810753222771,0.35984238260506196,0.09767429754583826,,,results/phase2_relbench/rel-stack_user-badge_only_conflict_count_seed43_fdhg/dfs_agg_rel-stack_user-badge_tabpfn_seed43.json,ok,
rel-stack,user-badge,only_conflict_count,44,tabpfn,val,,,18,,,True,True,False,False,False,0.972,0.8781701030927834,0.32025382991840323,0.10020409744337794,,,results/phase2_relbench/rel-stack_user-badge_only_conflict_count_seed44_fdhg/dfs_agg_rel-stack_user-badge_tabpfn_seed44.json,ok,
rel-stack,user-badge,only_entropy,41,tabpfn,val,,,18,,,True,True,False,False,False,0.9675,0.8763720299586776,0.28532658327780125,0.10619284269258154,,,results/phase2_relbench/rel-stack_user-badge_only_entropy_seed41_fdhg/dfs_agg_rel-stack_user-badge_tabpfn_seed41.json,ok,
rel-stack,user-badge,only_entropy,42,tabpfn,val,,,18,,,True,True,False,False,False,0.9695,0.8950947102100603,0.27465890828872264,0.09910803582371362,,,results/phase2_relbench/rel-stack_user-badge_only_entropy_seed42_fdhg/dfs_agg_rel-stack_user-badge_tabpfn_seed42.json,ok,
rel-stack,user-badge,only_entropy,43,tabpfn,val,,,18,,,True,True,False,False,False,0.9715,0.8615096416776163,0.35445930709513784,0.09786818252782034,,,results/phase2_relbench/rel-stack_user-badge_only_entropy_seed43_fdhg/dfs_agg_rel-stack_user-badge_tabpfn_seed43.json,ok,
rel-stack,user-badge,only_entropy,44,tabpfn,val,,,18,,,True,True,False,False,False,0.9725,0.8778350515463919,0.32235189843567763,0.10022165879552446,,,results/phase2_relbench/rel-stack_user-badge_only_entropy_seed44_fdhg/dfs_agg_rel-stack_user-badge_tabpfn_seed44.json,ok,
rel-stack,user-badge,only_majconf,41,tabpfn,val,,,18,,,True,True,False,False,False,0.9675,0.879027311466942,0.2861020976012901,0.1060108624255632,,,results/phase2_relbench/rel-stack_user-badge_only_majconf_seed41_fdhg/dfs_agg_rel-stack_user-badge_tabpfn_seed41.json,ok,
rel-stack,user-badge,only_majconf,42,tabpfn,val,,,18,,,True,True,False,False,False,0.9695,0.8943373614301408,0.2726904484488524,0.09912020367148974,,,results/phase2_relbench/rel-stack_user-badge_only_majconf_seed42_fdhg/dfs_agg_rel-stack_user-badge_tabpfn_seed42.json,ok,
rel-stack,user-badge,only_majconf,43,tabpfn,val,,,18,,,True,True,False,False,False,0.971,0.8607638765581164,0.3560690330361455,0.09798715203105506,,,results/phase2_relbench/rel-stack_user-badge_only_majconf_seed43_fdhg/dfs_agg_rel-stack_user-badge_tabpfn_seed43.json,ok,
rel-stack,user-badge,only_majconf,44,tabpfn,val,,,18,,,True,True,False,False,False,0.972,0.877680412371134,0.31640955616064886,0.10020801298634718,,,results/phase2_relbench/rel-stack_user-badge_only_majconf_seed44_fdhg/dfs_agg_rel-stack_user-badge_tabpfn_seed44.json,ok,
rel-stack,user-badge,only_support_count,41,tabpfn,val,,,18,,,True,True,False,False,False,0.967,0.8783655087809917,0.2885692424123169,0.1059373655791098,,,results/phase2_relbench/rel-stack_user-badge_only_support_count_seed41_fdhg/dfs_agg_rel-stack_user-badge_tabpfn_seed41.json,ok,
rel-stack,user-badge,only_support_count,42,tabpfn,val,,,18,,,True,True,False,False,False,0.9695,0.8923649255967242,0.2654108600921289,0.09960959946402471,,,results/phase2_relbench/rel-stack_user-badge_only_support_count_seed42_fdhg/dfs_agg_rel-stack_user-badge_tabpfn_seed42.json,ok,
rel-stack,user-badge,only_support_count,43,tabpfn,val,,,18,,,True,True,False,False,False,0.9715,0.8601424056251998,0.34389432834983563,0.09810406658731192,,,results/phase2_relbench/rel-stack_user-badge_only_support_count_seed43_fdhg/dfs_agg_rel-stack_user-badge_tabpfn_seed43.json,ok,
rel-stack,user-badge,only_support_count,44,tabpfn,val,,,18,,,True,True,False,False,False,0.973,0.8780326460481099,0.318037756510968,0.1001288115367417,,,results/phase2_relbench/rel-stack_user-badge_only_support_count_seed44_fdhg/dfs_agg_rel-stack_user-badge_tabpfn_seed44.json,ok,
rel-stack,user-badge,target_only,41,tabpfn,val,,,7,,,False,False,False,False,False,0.9745,0.6523405668065071,0.05047234716601889,0.18514989363493772,,,results/week1/target_only_rel-stack_user-badge_tabpfn_seed41.json,ok,
rel-stack,user-badge,target_only,42,tabpfn,val,,,7,,,False,False,False,False,False,0.9745,0.6348253000533205,0.0524456582060934,0.2528755252942284,,,results/phase2_main_missing_relstack_seed42_44/phase2_main_runs.csv,ok,
rel-stack,user-badge,target_only,42,tabpfn,val,,,7,,,False,False,False,False,False,0.9745,0.6348253000533205,0.05244565820609347,0.2528755252942284,,,results/week1/target_only_rel-stack_user-badge_tabpfn_seed42.json,ok,
rel-stack,user-badge,target_only,43,tabpfn,val,,,7,,,False,False,False,False,False,0.9695,0.592362126835702,0.0618614954777696,0.2944768077331042,,,results/phase2_main_missing_relstack_seed42_44/phase2_main_runs.csv,ok,
rel-stack,user-badge,target_only,43,tabpfn,val,,,7,,,False,False,False,False,False,0.9695,0.592362126835702,0.061861495477769694,0.29447680773310425,,,results/week1/target_only_rel-stack_user-badge_tabpfn_seed43.json,ok,
rel-stack,user-badge,target_only,44,tabpfn,val,,,7,,,False,False,False,False,False,0.976,0.5886697404371585,0.0303309609078902,0.2803057829163847,,,results/phase2_main_missing_relstack_seed42_44/phase2_main_runs.csv,ok,
rel-stack,user-badge,target_only,44,tabpfn,val,,,7,,,False,False,False,False,False,0.976,0.5886697404371585,0.03033096090789024,0.28030578291638475,,,results/week1/target_only_rel-stack_user-badge_tabpfn_seed44.json,ok,
rel-stack,user-badge,value_only_conflict_count,41,tabpfn,val,,,17,,,True,True,False,False,False,0.9665,0.8790595945247934,0.28887664334665136,0.1054288958604709,,,results/phase2_relbench/rel-stack_user-badge_value_only_conflict_count_seed41_fdhg/dfs_agg_rel-stack_user-badge_tabpfn_seed41.json,ok,
rel-stack,user-badge,value_only_conflict_count,42,tabpfn,val,,,17,,,True,True,False,False,False,0.9695,0.8939378807550185,0.27712805057264994,0.09891395850740721,,,results/phase2_relbench/rel-stack_user-badge_value_only_conflict_count_seed42_fdhg/dfs_agg_rel-stack_user-badge_tabpfn_seed42.json,ok,
rel-stack,user-badge,value_only_conflict_count,43,tabpfn,val,,,17,,,True,True,False,False,False,0.971,0.8577985723924856,0.3616243690739678,0.0975971336670633,,,results/phase2_relbench/rel-stack_user-badge_value_only_conflict_count_seed43_fdhg/dfs_agg_rel-stack_user-badge_tabpfn_seed43.json,ok,
rel-stack,user-badge,value_only_conflict_count,44,tabpfn,val,,,17,,,True,True,False,False,False,0.972,0.8790034364261169,0.31774678117083993,0.10029257565508186,,,results/phase2_relbench/rel-stack_user-badge_value_only_conflict_count_seed44_fdhg/dfs_agg_rel-stack_user-badge_tabpfn_seed44.json,ok,
rel-stack,user-badge,value_only_entropy,41,tabpfn,val,,,17,,,True,True,False,False,False,0.9665,0.8800361570247934,0.2883683845968971,0.10538853769524217,,,results/phase2_relbench/rel-stack_user-badge_value_only_entropy_seed41_fdhg/dfs_agg_rel-stack_user-badge_tabpfn_seed41.json,ok,
rel-stack,user-badge,value_only_entropy,42,tabpfn,val,,,17,,,True,True,False,False,False,0.9695,0.8940377509237991,0.28432154012239147,0.0990622510391787,,,results/phase2_relbench/rel-stack_user-badge_value_only_entropy_seed42_fdhg/dfs_agg_rel-stack_user-badge_tabpfn_seed42.json,ok,
rel-stack,user-badge,value_only_entropy,43,tabpfn,val,,,17,,,True,True,False,False,False,0.971,0.8593344934124081,0.364859957783953,0.09771713576547014,,,results/phase2_relbench/rel-stack_user-badge_value_only_entropy_seed43_fdhg/dfs_agg_rel-stack_user-badge_tabpfn_seed43.json,ok,
rel-stack,user-badge,value_only_entropy,44,tabpfn,val,,,17,,,True,True,False,False,False,0.9715,0.8796649484536082,0.31741054240956096,0.10016214208836152,,,results/phase2_relbench/rel-stack_user-badge_value_only_entropy_seed44_fdhg/dfs_agg_rel-stack_user-badge_tabpfn_seed44.json,ok,
rel-stack,user-badge,value_only_majconf,41,tabpfn,val,,,17,,,True,True,False,False,False,0.967,0.8789223915289256,0.2858969147019564,0.10554226804756035,,,results/phase2_relbench/rel-stack_user-badge_value_only_majconf_seed41_fdhg/dfs_agg_rel-stack_user-badge_tabpfn_seed41.json,ok,
rel-stack,user-badge,value_only_majconf,42,tabpfn,val,,,17,,,True,True,False,False,False,0.9695,0.8935384000798962,0.27707132767418974,0.09912145439835379,,,results/phase2_relbench/rel-stack_user-badge_value_only_majconf_seed42_fdhg/dfs_agg_rel-stack_user-badge_tabpfn_seed42.json,ok,
rel-stack,user-badge,value_only_majconf,43,tabpfn,val,,,17,,,True,True,False,False,False,0.971,0.857008416492063,0.3641604375619269,0.09785451117865719,,,results/phase2_relbench/rel-stack_user-badge_value_only_majconf_seed43_fdhg/dfs_agg_rel-stack_user-badge_tabpfn_seed43.json,ok,
rel-stack,user-badge,value_only_majconf,44,tabpfn,val,,,17,,,True,True,False,False,False,0.972,0.8800945017182131,0.31718486439044047,0.10044967240620631,,,results/phase2_relbench/rel-stack_user-badge_value_only_majconf_seed44_fdhg/dfs_agg_rel-stack_user-badge_tabpfn_seed44.json,ok,
rel-stack,user-badge,value_only_support_count,41,tabpfn,val,,,17,,,True,True,False,False,False,0.967,0.8799796616735537,0.2793808383474624,0.10598608037203505,,,results/phase2_relbench/rel-stack_user-badge_value_only_support_count_seed41_fdhg/dfs_agg_rel-stack_user-badge_tabpfn_seed41.json,ok,
rel-stack,user-badge,value_only_support_count,42,tabpfn,val,,,17,,,True,True,False,False,False,0.9695,0.8910915809447717,0.2678269329886802,0.1003878532220037,,,results/phase2_relbench/rel-stack_user-badge_value_only_support_count_seed42_fdhg/dfs_agg_rel-stack_user-badge_tabpfn_seed42.json,ok,
rel-stack,user-badge,value_only_support_count,43,tabpfn,val,,,17,,,True,True,False,False,False,0.971,0.8609680741503605,0.36111025872043667,0.09772508065412588,,,results/phase2_relbench/rel-stack_user-badge_value_only_support_count_seed43_fdhg/dfs_agg_rel-stack_user-badge_tabpfn_seed43.json,ok,
rel-stack,user-badge,value_only_support_count,44,tabpfn,val,,,17,,,True,True,False,False,False,0.972,0.8793728522336769,0.3218074631710478,0.09991785679083891,,,results/phase2_relbench/rel-stack_user-badge_value_only_support_count_seed44_fdhg/dfs_agg_rel-stack_user-badge_tabpfn_seed44.json,ok,
rel-stack,user-engagement,target_only,41,tabpfn,val,,,7,,,False,False,False,False,False,0.9725,0.5788829165692918,0.03809169312870092,0.13812707085437684,,,results/week1/target_only_rel-stack_user-engagement_tabpfn_seed41.json,ok,
rel-trial,site-success,target_only,41,tabpfn,val,,,5,,,False,False,False,False,False,,,,,,,results/week1/target_only_rel-trial_site-success_tabpfn_seed41.json,failed,
rel-trial,study-adverse,target_only,41,tabpfn,val,,,28,,,False,False,False,False,False,,,,,,,results/week1/target_only_rel-trial_study-adverse_tabpfn_seed41.json,failed,
rel-trial,study-outcome,dfs,41,tabpfn,val,,,37,,1,False,False,False,False,False,0.628125,0.659567814366576,0.7150104543496286,0.648106406156238,,,results/phase2_relbench_new_datasets/phase2_main_runs.csv,ok,
rel-trial,study-outcome,dfs,41,tabpfn,val,,,37,,1,False,False,False,False,False,0.628125,0.659567814366576,0.7150104543496286,0.648106406156238,,,results/phase2_relbench_new_datasets/rel-trial_study-outcome_dfs/dfs_agg_rel-trial_study-outcome_tabpfn_seed41.json,ok,
rel-trial,study-outcome,dfs,41,tabpfn,val,,,37,,1,False,True,False,False,False,0.628125,0.659567814366576,0.7150104543496286,0.648106406156238,,,results/phase2_relbench_new_datasets/rel-trial_study-outcome_fdhg/dfs_agg_rel-trial_study-outcome_tabpfn_seed41.json,ok,
rel-trial,study-outcome,dfs,,,val,,,37,,1,False,False,False,False,False,0.628125,0.659567814366576,0.7150104543496286,0.648106406156238,,,results/phase2_summary/phase2_compact_results.csv,ok,
rel-trial,study-outcome,fdhg_dmax1,41,tabpfn,val,,,37,,1,True,True,False,False,False,0.628125,0.659567814366576,0.7150104543496286,0.648106406156238,,,results/phase2_relbench_new_datasets/phase2_main_runs.csv,ok,
rel-trial,study-outcome,fdhg_dmax1,,,val,,,37,,1,True,True,False,False,False,0.628125,0.659567814366576,0.7150104543496286,0.648106406156238,,,results/phase2_summary/phase2_compact_results.csv,ok,
rel-trial,study-outcome,naive,41,tabpfn,val,,,32,,,False,False,False,False,False,0.6260416666666667,0.6575864795679037,0.7158678737929173,0.6494012885783208,,,results/phase2_relbench_new_datasets/phase2_main_runs.csv,ok,
rel-trial,study-outcome,naive,41,tabpfn,val,,,32,,,False,False,False,False,False,0.6260416666666667,0.6575864795679037,0.7158678737929173,0.6494012885783208,,,results/phase2_relbench_new_datasets/rel-trial_study-outcome_naive/dfs_agg_rel-trial_study-outcome_tabpfn_seed41.json,ok,
rel-trial,study-outcome,naive,,,val,,,32,,,False,False,False,False,False,0.6260416666666667,0.6575864795679037,0.7158678737929173,0.6494012885783208,,,results/phase2_summary/phase2_compact_results.csv,ok,
rel-trial,study-outcome,target_only,41,tabpfn,val,,,28,,,False,False,False,False,False,0.6177083333333333,0.6474586644865283,0.7017986254225094,0.6528193288565883,,,results/phase2_relbench_new_datasets/phase2_main_runs.csv,ok,
rel-trial,study-outcome,target_only,41,tabpfn,val,,,28,,,False,False,False,False,False,0.6177083333333333,0.6474586644865283,0.7017986254225094,0.6528193288565883,,,results/week1/target_only_rel-trial_study-outcome_tabpfn_seed41.json,ok,
rel-trial,study-outcome,target_only,41,tabpfn,val,,,28,,,False,False,False,False,False,0.6177083333333333,0.6474586644865283,0.7017986254225094,0.6528193288565883,,,results/week1/target_only_tabpfn_all_entity_summary.csv,ok,
rel-trial,study-outcome,target_only,,,val,,,28,,,False,False,False,False,False,0.6177083333333333,0.6474586644865283,0.7017986254225094,0.6528193288565883,,,results/phase2_summary/phase2_compact_results.csv,ok,
