task_key,variant,seed,metric,legacy,new,abs_delta,rel_delta,exact
rel-arxiv/author-category,dfs,41,accuracy,0.226,0.2185,0.007500000000000007,0.03318584070796463,False
rel-arxiv/author-category,dfs,41,log_loss,2.8626711853027174,2.877325560953497,0.014654375650779539,0.005119126404044162,False
rel-arxiv/author-category,dfs,41,macro_f1,0.053620407448888,0.0501251583310007,0.003495249117887296,0.065185053306785,False
rel-arxiv/author-category,dfs,41,micro_f1,0.226,0.2185,0.007500000000000007,0.03318584070796463,False
rel-arxiv/author-category,dfs,41,weighted_f1,0.1739633198673961,0.163784908463253,0.010178411404143106,0.058508951265712913,False
rel-arxiv/author-category,dfs,41,mrr,0.3675283318595174,0.3641640690421261,0.0033642628173912725,0.009153750951306838,False
rel-arxiv/author-category,dfs,41,n_features,12.0,12.0,0.0,0.0,True
rel-arxiv/author-category,dfs,41,n_train_used,10000.0,10000.0,0.0,0.0,True
rel-arxiv/author-category,dfs,41,n_val_used,2000.0,2000.0,0.0,0.0,True
rel-arxiv/author-category,fdhg_dmax1,41,accuracy,0.489,0.489,0.0,0.0,True
rel-arxiv/author-category,fdhg_dmax1,41,log_loss,2.00287813311452,1.9948740248056849,0.008004108308834912,0.003996303208117983,False
rel-arxiv/author-category,fdhg_dmax1,41,macro_f1,0.309997247449416,0.3031879948955496,0.006809252553866385,0.021965525855120665,False
rel-arxiv/author-category,fdhg_dmax1,41,micro_f1,0.489,0.489,0.0,0.0,True
rel-arxiv/author-category,fdhg_dmax1,41,weighted_f1,0.4993852334420786,0.4978445097867714,0.0015407236553071635,0.0030852407162452974,False
rel-arxiv/author-category,fdhg_dmax1,41,mrr,0.5942162921655361,0.5950021246541276,0.0007858324885915424,0.0013224687692888538,False
rel-arxiv/author-category,fdhg_dmax1,41,n_features,15.0,15.0,0.0,0.0,True
rel-arxiv/author-category,fdhg_dmax1,41,n_train_used,10000.0,10000.0,0.0,0.0,True
rel-arxiv/author-category,fdhg_dmax1,41,n_val_used,2000.0,2000.0,0.0,0.0,True
rel-arxiv/author-category,dfs,42,accuracy,0.2215,0.224,0.0025000000000000022,0.011286681715575632,False
rel-arxiv/author-category,dfs,42,log_loss,2.8670675179566887,2.873968199701765,0.006900681745076298,0.0024068780040430644,False
rel-arxiv/author-category,dfs,42,macro_f1,0.0523449464052731,0.0520465414353454,0.00029840496992770277,0.0057007407671668215,False
rel-arxiv/author-category,dfs,42,micro_f1,0.2215,0.224,0.0025000000000000022,0.011286681715575632,False
rel-arxiv/author-category,dfs,42,weighted_f1,0.1696412107157935,0.1690239159237687,0.0006172947920247973,0.0036388256687166377,False
rel-arxiv/author-category,dfs,42,mrr,0.3652493265336455,0.367131234952064,0.0018819084184185098,0.005152393944921224,False
rel-arxiv/author-category,dfs,42,n_features,12.0,12.0,0.0,0.0,True
rel-arxiv/author-category,dfs,42,n_train_used,10000.0,10000.0,0.0,0.0,True
rel-arxiv/author-category,dfs,42,n_val_used,2000.0,2000.0,0.0,0.0,True
rel-arxiv/author-category,fdhg_dmax1,42,accuracy,0.486,0.488,0.0020000000000000018,0.0041152263374485635,False
rel-arxiv/author-category,fdhg_dmax1,42,log_loss,2.0037372358297643,1.9996641495392151,0.004073086290549144,0.0020327447220705288,False
rel-arxiv/author-category,fdhg_dmax1,42,macro_f1,0.3012955005451813,0.3059066658607923,0.00461116531561101,0.015304461259020808,False
rel-arxiv/author-category,fdhg_dmax1,42,micro_f1,0.486,0.488,0.0020000000000000018,0.0041152263374485635,False
rel-arxiv/author-category,fdhg_dmax1,42,weighted_f1,0.4945069846331766,0.4970881908448101,0.002581206211633491,0.005219756832248224,False
rel-arxiv/author-category,fdhg_dmax1,42,mrr,0.5928747636132415,0.5945825862192975,0.0017078226060559532,0.002880579020850416,False
rel-arxiv/author-category,fdhg_dmax1,42,n_features,15.0,15.0,0.0,0.0,True
rel-arxiv/author-category,fdhg_dmax1,42,n_train_used,10000.0,10000.0,0.0,0.0,True
rel-arxiv/author-category,fdhg_dmax1,42,n_val_used,2000.0,2000.0,0.0,0.0,True
rel-arxiv/author-category,dfs,43,accuracy,0.224,0.221,0.0030000000000000027,0.013392857142857154,False
rel-arxiv/author-category,dfs,43,log_loss,2.8684025241323043,2.8766392111445143,0.00823668701220992,0.0028715241124331143,False
rel-arxiv/author-category,dfs,43,macro_f1,0.0520764828345566,0.0524438074492628,0.0003673246147062048,0.0070535603541654265,False
rel-arxiv/author-category,dfs,43,micro_f1,0.224,0.221,0.0030000000000000027,0.013392857142857154,False
rel-arxiv/author-category,dfs,43,weighted_f1,0.169179495007621,0.1699710695892278,0.0007915745816068076,0.00467890379724298,False
rel-arxiv/author-category,dfs,43,mrr,0.3671412953206235,0.3653441565659047,0.001797138754718819,0.004894951283399985,False
rel-arxiv/author-category,dfs,43,n_features,12.0,12.0,0.0,0.0,True
rel-arxiv/author-category,dfs,43,n_train_used,10000.0,10000.0,0.0,0.0,True
rel-arxiv/author-category,dfs,43,n_val_used,2000.0,2000.0,0.0,0.0,True
rel-arxiv/author-category,fdhg_dmax1,43,accuracy,0.4895,0.49,0.0005000000000000004,0.0010214504596527077,False
rel-arxiv/author-category,fdhg_dmax1,43,log_loss,1.9939391748635924,2.0019728165212967,0.00803364165770426,0.004029030453375716,False
rel-arxiv/author-category,fdhg_dmax1,43,macro_f1,0.3133190987867652,0.3091069625971203,0.004212136189644944,0.013443598573962408,False
rel-arxiv/author-category,fdhg_dmax1,43,micro_f1,0.4895,0.49,0.0005000000000000004,0.0010214504596527077,False
rel-arxiv/author-category,fdhg_dmax1,43,weighted_f1,0.500216045952261,0.4999243590008483,0.0002916869514126841,0.0005831219405555049,False
rel-arxiv/author-category,fdhg_dmax1,43,mrr,0.5952964640645512,0.594918081043295,0.00037838302125614565,0.0006356211469368237,False
rel-arxiv/author-category,fdhg_dmax1,43,n_features,15.0,15.0,0.0,0.0,True
rel-arxiv/author-category,fdhg_dmax1,43,n_train_used,10000.0,10000.0,0.0,0.0,True
rel-arxiv/author-category,fdhg_dmax1,43,n_val_used,2000.0,2000.0,0.0,0.0,True
rel-arxiv/author-category,dfs,44,accuracy,0.2175,0.22,0.0025000000000000022,0.011494252873563229,False
rel-arxiv/author-category,dfs,44,log_loss,2.867596426750741,2.872341585920763,0.004745159170022273,0.0016547513889180665,False
rel-arxiv/author-category,dfs,44,macro_f1,0.0494943819221163,0.0499776711571718,0.0004832892350555007,0.00976452712988715,False
rel-arxiv/author-category,dfs,44,micro_f1,0.2175,0.22,0.0025000000000000022,0.011494252873563229,False
rel-arxiv/author-category,dfs,44,weighted_f1,0.1619446485930415,0.1639863646188745,0.0020417160258330014,0.012607493014256543,False
rel-arxiv/author-category,dfs,44,mrr,0.3635139926337194,0.3645642098109889,0.0010502171772694968,0.002889069467891727,False
rel-arxiv/author-category,dfs,44,n_features,12.0,12.0,0.0,0.0,True
rel-arxiv/author-category,dfs,44,n_train_used,10000.0,10000.0,0.0,0.0,True
rel-arxiv/author-category,dfs,44,n_val_used,2000.0,2000.0,0.0,0.0,True
rel-arxiv/author-category,fdhg_dmax1,44,accuracy,0.4885,0.4895,0.0010000000000000009,0.0020470829068577295,False
rel-arxiv/author-category,fdhg_dmax1,44,log_loss,2.0013279763953933,2.003657201606021,0.0023292252106275058,0.00116383982940302,False
rel-arxiv/author-category,fdhg_dmax1,44,macro_f1,0.307247375196428,0.3086186685811073,0.0013712933846793396,0.004463157362378281,False
rel-arxiv/author-category,fdhg_dmax1,44,micro_f1,0.4885,0.4895,0.0010000000000000009,0.0020470829068577295,False
rel-arxiv/author-category,fdhg_dmax1,44,weighted_f1,0.4983013550918574,0.4990971911032159,0.0007958360113584639,0.0015970978268998659,False
rel-arxiv/author-category,fdhg_dmax1,44,mrr,0.5937043016409497,0.5944420500703773,0.0007377484294276426,0.0012426193096269757,False
rel-arxiv/author-category,fdhg_dmax1,44,n_features,15.0,15.0,0.0,0.0,True
rel-arxiv/author-category,fdhg_dmax1,44,n_train_used,10000.0,10000.0,0.0,0.0,True
rel-arxiv/author-category,fdhg_dmax1,44,n_val_used,2000.0,2000.0,0.0,0.0,True
rel-arxiv/paper-citation,dfs,41,accuracy,0.724,0.724,0.0,0.0,True
rel-arxiv/paper-citation,dfs,41,roc_auc,0.8115399930016772,0.8115912738154132,5.128081373595439e-05,6.318950905460603e-05,False
rel-arxiv/paper-citation,dfs,41,average_precision,0.806726342445665,0.8067914894579292,6.51470122642328e-05,8.075478490851514e-05,False
rel-arxiv/paper-citation,dfs,41,log_loss,0.5309874104170336,0.5310805170474572,9.310663042361167e-05,0.00017534621084610351,False
rel-arxiv/paper-citation,dfs,41,n_features,14.0,14.0,0.0,0.0,True
rel-arxiv/paper-citation,dfs,41,n_train_used,10000.0,10000.0,0.0,0.0,True
rel-arxiv/paper-citation,dfs,41,n_val_used,2000.0,2000.0,0.0,0.0,True
rel-arxiv/paper-citation,fdhg_dmax1,41,accuracy,0.724,0.724,0.0,0.0,True
rel-arxiv/paper-citation,fdhg_dmax1,41,roc_auc,0.8115399930016772,0.8115912738154132,5.128081373595439e-05,6.318950905460603e-05,False
rel-arxiv/paper-citation,fdhg_dmax1,41,average_precision,0.806726342445665,0.8067914894579292,6.51470122642328e-05,8.075478490851514e-05,False
rel-arxiv/paper-citation,fdhg_dmax1,41,log_loss,0.5309874104170336,0.5310805170474572,9.310663042361167e-05,0.00017534621084610351,False
rel-arxiv/paper-citation,fdhg_dmax1,41,n_features,14.0,14.0,0.0,0.0,True
rel-arxiv/paper-citation,fdhg_dmax1,41,n_train_used,10000.0,10000.0,0.0,0.0,True
rel-arxiv/paper-citation,fdhg_dmax1,41,n_val_used,2000.0,2000.0,0.0,0.0,True
rel-arxiv/paper-citation,dfs,42,accuracy,0.7245,0.724,0.000500000000000056,0.0006901311249138108,False
rel-arxiv/paper-citation,dfs,42,roc_auc,0.8115349654709189,0.8117692484042618,0.00023428293334293304,0.00028869111413700203,False
rel-arxiv/paper-citation,dfs,42,average_precision,0.8065279131141893,0.8068562125800448,0.0003282994658555527,0.00040705282547247887,False
rel-arxiv/paper-citation,dfs,42,log_loss,0.5310614610876321,0.5306419315699158,0.0004195295177162883,0.0007899829839978927,False
rel-arxiv/paper-citation,dfs,42,n_features,14.0,14.0,0.0,0.0,True
rel-arxiv/paper-citation,dfs,42,n_train_used,10000.0,10000.0,0.0,0.0,True
rel-arxiv/paper-citation,dfs,42,n_val_used,2000.0,2000.0,0.0,0.0,True
rel-arxiv/paper-citation,fdhg_dmax1,42,accuracy,0.7245,0.724,0.000500000000000056,0.0006901311249138108,False
rel-arxiv/paper-citation,fdhg_dmax1,42,roc_auc,0.8115349654709189,0.8117692484042618,0.00023428293334293304,0.00028869111413700203,False
rel-arxiv/paper-citation,fdhg_dmax1,42,average_precision,0.8065279131141893,0.8068562125800448,0.0003282994658555527,0.00040705282547247887,False
rel-arxiv/paper-citation,fdhg_dmax1,42,log_loss,0.5310614610876321,0.5306419315699158,0.0004195295177162883,0.0007899829839978927,False
rel-arxiv/paper-citation,fdhg_dmax1,42,n_features,14.0,14.0,0.0,0.0,True
rel-arxiv/paper-citation,fdhg_dmax1,42,n_train_used,10000.0,10000.0,0.0,0.0,True
rel-arxiv/paper-citation,fdhg_dmax1,42,n_val_used,2000.0,2000.0,0.0,0.0,True
rel-arxiv/paper-citation,dfs,43,accuracy,0.724,0.7235,0.0004999999999999449,0.0006906077348065538,False
rel-arxiv/paper-citation,dfs,43,roc_auc,0.8115208883847952,0.8117059015167054,0.00018501313191021662,0.00022798320358513038,False
rel-arxiv/paper-citation,dfs,43,average_precision,0.8065661187917086,0.8069909596797911,0.00042484088808247833,0.0005267279125472307,False
rel-arxiv/paper-citation,dfs,43,log_loss,0.5306924160388655,0.5307238563943482,3.144035548263702e-05,5.9244026355813735e-05,False
rel-arxiv/paper-citation,dfs,43,n_features,14.0,14.0,0.0,0.0,True
rel-arxiv/paper-citation,dfs,43,n_train_used,10000.0,10000.0,0.0,0.0,True
rel-arxiv/paper-citation,dfs,43,n_val_used,2000.0,2000.0,0.0,0.0,True
rel-arxiv/paper-citation,fdhg_dmax1,43,accuracy,0.724,0.7235,0.0004999999999999449,0.0006906077348065538,False
rel-arxiv/paper-citation,fdhg_dmax1,43,roc_auc,0.8115208883847952,0.8117059015167054,0.00018501313191021662,0.00022798320358513038,False
rel-arxiv/paper-citation,fdhg_dmax1,43,average_precision,0.8065661187917086,0.8069909596797911,0.00042484088808247833,0.0005267279125472307,False
rel-arxiv/paper-citation,fdhg_dmax1,43,log_loss,0.5306924160388655,0.5307238563943482,3.144035548263702e-05,5.9244026355813735e-05,False
rel-arxiv/paper-citation,fdhg_dmax1,43,n_features,14.0,14.0,0.0,0.0,True
rel-arxiv/paper-citation,fdhg_dmax1,43,n_train_used,10000.0,10000.0,0.0,0.0,True
rel-arxiv/paper-citation,fdhg_dmax1,43,n_val_used,2000.0,2000.0,0.0,0.0,True
rel-arxiv/paper-citation,dfs,44,accuracy,0.726,0.7245,0.0014999999999999458,0.0020661157024792643,False
rel-arxiv/paper-citation,dfs,44,roc_auc,0.8118396338348798,0.811781314478082,5.831935679778688e-05,7.183605525921942e-05,False
rel-arxiv/paper-citation,dfs,44,average_precision,0.8066607368547384,0.8066706476149953,9.910760256914841e-06,1.2286156749810359e-05,False
rel-arxiv/paper-citation,dfs,44,log_loss,0.5303889811972049,0.53076890168109,0.0003799204838851322,0.0007163053859595045,False
rel-arxiv/paper-citation,dfs,44,n_features,14.0,14.0,0.0,0.0,True
rel-arxiv/paper-citation,dfs,44,n_train_used,10000.0,10000.0,0.0,0.0,True
rel-arxiv/paper-citation,dfs,44,n_val_used,2000.0,2000.0,0.0,0.0,True
rel-arxiv/paper-citation,fdhg_dmax1,44,accuracy,0.726,0.7245,0.0014999999999999458,0.0020661157024792643,False
rel-arxiv/paper-citation,fdhg_dmax1,44,roc_auc,0.8118396338348798,0.811781314478082,5.831935679778688e-05,7.183605525921942e-05,False
rel-arxiv/paper-citation,fdhg_dmax1,44,average_precision,0.8066607368547384,0.8066706476149953,9.910760256914841e-06,1.2286156749810359e-05,False
rel-arxiv/paper-citation,fdhg_dmax1,44,log_loss,0.5303889811972049,0.53076890168109,0.0003799204838851322,0.0007163053859595045,False
rel-arxiv/paper-citation,fdhg_dmax1,44,n_features,14.0,14.0,0.0,0.0,True
rel-arxiv/paper-citation,fdhg_dmax1,44,n_train_used,10000.0,10000.0,0.0,0.0,True
rel-arxiv/paper-citation,fdhg_dmax1,44,n_val_used,2000.0,2000.0,0.0,0.0,True
rel-ratebeer/beer-churn,dfs,41,accuracy,0.638,0.638,0.0,0.0,True
rel-ratebeer/beer-churn,dfs,41,roc_auc,0.7175651370795255,0.7175600735627713,5.063516754222341e-06,7.0565255926879955e-06,False
rel-ratebeer/beer-churn,dfs,41,average_precision,0.7047738780214617,0.7047713384050812,2.5396163805258e-06,3.6034485098331973e-06,False
rel-ratebeer/beer-churn,dfs,41,log_loss,0.6599822106010189,0.6599614451760486,2.076542497031486e-05,3.1463613165277036e-05,False
rel-ratebeer/beer-churn,dfs,41,n_features,9.0,9.0,0.0,0.0,True
rel-ratebeer/beer-churn,dfs,41,n_train_used,10000.0,10000.0,0.0,0.0,True
rel-ratebeer/beer-churn,dfs,41,n_val_used,2000.0,2000.0,0.0,0.0,True
rel-ratebeer/beer-churn,fdhg_dmax1,41,accuracy,0.625,0.625,0.0,0.0,True
rel-ratebeer/beer-churn,fdhg_dmax1,41,roc_auc,0.7205845121200337,0.7205551437228594,2.9368397174267535e-05,4.0756353599472586e-05,False
rel-ratebeer/beer-churn,fdhg_dmax1,41,average_precision,0.7080023215582005,0.7079887481425033,1.357341569718784e-05,1.9171428233900295e-05,False
rel-ratebeer/beer-churn,fdhg_dmax1,41,log_loss,0.6586716127618911,0.6586797662449132,8.153483022077523e-06,1.2378676815733664e-05,False
rel-ratebeer/beer-churn,fdhg_dmax1,41,n_features,17.0,17.0,0.0,0.0,True
rel-ratebeer/beer-churn,fdhg_dmax1,41,n_train_used,10000.0,10000.0,0.0,0.0,True
rel-ratebeer/beer-churn,fdhg_dmax1,41,n_val_used,2000.0,2000.0,0.0,0.0,True
rel-ratebeer/beer-churn,dfs,42,accuracy,0.6385,0.6385,0.0,0.0,True
rel-ratebeer/beer-churn,dfs,42,roc_auc,0.7181038952621686,0.7181038952621687,1.1102230246251565e-16,1.5460479074825674e-16,False
rel-ratebeer/beer-churn,dfs,42,average_precision,0.7050193450814053,0.7050190893225264,2.5575887885320725e-07,3.62768597255549e-07,False
rel-ratebeer/beer-churn,dfs,42,log_loss,0.6609612912181919,0.6609655531653764,4.261947184502901e-06,6.4481040586323485e-06,False
rel-ratebeer/beer-churn,dfs,42,n_features,9.0,9.0,0.0,0.0,True
rel-ratebeer/beer-churn,dfs,42,n_train_used,10000.0,10000.0,0.0,0.0,True
rel-ratebeer/beer-churn,dfs,42,n_val_used,2000.0,2000.0,0.0,0.0,True
rel-ratebeer/beer-churn,fdhg_dmax1,42,accuracy,0.638,0.638,0.0,0.0,True
rel-ratebeer/beer-churn,fdhg_dmax1,42,roc_auc,0.7199890425497439,0.7199799282195865,9.114330157489192e-06,1.2658984538448006e-05,False
rel-ratebeer/beer-churn,fdhg_dmax1,42,average_precision,0.7079298149769438,0.7079232256164241,6.589360519781984e-06,9.307929091807765e-06,False
rel-ratebeer/beer-churn,fdhg_dmax1,42,log_loss,0.6574390256727973,0.6574203542194856,1.867145331169162e-05,2.8400281368426506e-05,False
rel-ratebeer/beer-churn,fdhg_dmax1,42,n_features,17.0,17.0,0.0,0.0,True
rel-ratebeer/beer-churn,fdhg_dmax1,42,n_train_used,10000.0,10000.0,0.0,0.0,True
rel-ratebeer/beer-churn,fdhg_dmax1,42,n_val_used,2000.0,2000.0,0.0,0.0,True
rel-ratebeer/beer-churn,dfs,43,accuracy,0.6385,0.6385,0.0,0.0,True
rel-ratebeer/beer-churn,dfs,43,roc_auc,0.7183459313630176,0.7183418805496145,4.0508134031558285e-06,5.639084494387902e-06,False
rel-ratebeer/beer-churn,dfs,43,average_precision,0.7053560684179765,0.7053551214989815,9.469189949928847e-07,1.342469480863336e-06,False
rel-ratebeer/beer-churn,dfs,43,log_loss,0.6608293550993363,0.6608144747433453,1.488035599095383e-05,2.2517698216836942e-05,False
rel-ratebeer/beer-churn,dfs,43,n_features,9.0,9.0,0.0,0.0,True
rel-ratebeer/beer-churn,dfs,43,n_train_used,10000.0,10000.0,0.0,0.0,True
rel-ratebeer/beer-churn,dfs,43,n_val_used,2000.0,2000.0,0.0,0.0,True
rel-ratebeer/beer-churn,fdhg_dmax1,43,accuracy,0.638,0.637,0.0010000000000000009,0.0015673981191222585,False
rel-ratebeer/beer-churn,fdhg_dmax1,43,roc_auc,0.7212832774321084,0.7213015060924234,1.8228660314978384e-05,2.527253977088659e-05,False
rel-ratebeer/beer-churn,fdhg_dmax1,43,average_precision,0.7083006922784492,0.7083102062845498,9.514006100608263e-06,1.3432156998186429e-05,False
rel-ratebeer/beer-churn,fdhg_dmax1,43,log_loss,0.6580902395584056,0.6581108581266183,2.0618568212671384e-05,3.1330913259717904e-05,False
rel-ratebeer/beer-churn,fdhg_dmax1,43,n_features,17.0,17.0,0.0,0.0,True
rel-ratebeer/beer-churn,fdhg_dmax1,43,n_train_used,10000.0,10000.0,0.0,0.0,True
rel-ratebeer/beer-churn,fdhg_dmax1,43,n_val_used,2000.0,2000.0,0.0,0.0,True
rel-ratebeer/beer-churn,dfs,44,accuracy,0.6385,0.6385,0.0,0.0,True
rel-ratebeer/beer-churn,dfs,44,roc_auc,0.7181322509559919,0.7181028825588178,2.936839717404549e-05,4.089552743933962e-05,False
rel-ratebeer/beer-churn,dfs,44,average_precision,0.7051753270990135,0.7051580215544044,1.7305544609103052e-05,2.4540768719596996e-05,False
rel-ratebeer/beer-churn,dfs,44,log_loss,0.6608694794800688,0.6608590105360722,1.046894399658882e-05,1.5841167313135927e-05,False
rel-ratebeer/beer-churn,dfs,44,n_features,9.0,9.0,0.0,0.0,True
rel-ratebeer/beer-churn,dfs,44,n_train_used,10000.0,10000.0,0.0,0.0,True
rel-ratebeer/beer-churn,dfs,44,n_val_used,2000.0,2000.0,0.0,0.0,True
rel-ratebeer/beer-churn,fdhg_dmax1,44,accuracy,0.6325,0.6325,0.0,0.0,True
rel-ratebeer/beer-churn,fdhg_dmax1,44,roc_auc,0.7211344100395359,0.7210949146088534,3.9495430682490174e-05,5.4768473300733006e-05,False
rel-ratebeer/beer-churn,fdhg_dmax1,44,average_precision,0.7082511091012976,0.7082292076634066,2.1901437891047593e-05,3.092326663468047e-05,False
rel-ratebeer/beer-churn,fdhg_dmax1,44,log_loss,0.6582116418136184,0.6582044829436138,7.1588700045754905e-06,1.0876243368850384e-05,False
rel-ratebeer/beer-churn,fdhg_dmax1,44,n_features,17.0,17.0,0.0,0.0,True
rel-ratebeer/beer-churn,fdhg_dmax1,44,n_train_used,10000.0,10000.0,0.0,0.0,True
rel-ratebeer/beer-churn,fdhg_dmax1,44,n_val_used,2000.0,2000.0,0.0,0.0,True
rel-ratebeer/beer_ratings-total_score,dfs,41,rmse,0.595748109581867,0.5655417167846749,0.03020639279719206,0.05070329609336534,False
rel-ratebeer/beer_ratings-total_score,dfs,41,mae,0.3964445261359214,0.3858379972457885,0.010606528890132916,0.026754131261473028,False
rel-ratebeer/beer_ratings-total_score,dfs,41,r2,0.258481825214322,0.3317703434696292,0.07328851825530719,0.2835345123183787,False
rel-ratebeer/beer_ratings-total_score,dfs,41,n_features,9.0,8.0,1.0,0.1111111111111111,False
rel-ratebeer/beer_ratings-total_score,dfs,41,n_train_used,10000.0,10000.0,0.0,0.0,True
rel-ratebeer/beer_ratings-total_score,dfs,41,n_val_used,2000.0,2000.0,0.0,0.0,True
rel-ratebeer/beer_ratings-total_score,fdhg_dmax1,41,rmse,0.595748109581867,0.5655417167846749,0.03020639279719206,0.05070329609336534,False
rel-ratebeer/beer_ratings-total_score,fdhg_dmax1,41,mae,0.3964445261359214,0.3858379972457885,0.010606528890132916,0.026754131261473028,False
rel-ratebeer/beer_ratings-total_score,fdhg_dmax1,41,r2,0.258481825214322,0.3317703434696292,0.07328851825530719,0.2835345123183787,False
rel-ratebeer/beer_ratings-total_score,fdhg_dmax1,41,n_features,9.0,8.0,1.0,0.1111111111111111,False
rel-ratebeer/beer_ratings-total_score,fdhg_dmax1,41,n_train_used,10000.0,10000.0,0.0,0.0,True
rel-ratebeer/beer_ratings-total_score,fdhg_dmax1,41,n_val_used,2000.0,2000.0,0.0,0.0,True
rel-ratebeer/beer_ratings-total_score,dfs,42,rmse,0.5956383092352282,0.5656255519579397,0.03001275727728847,0.05038755367468464,False
rel-ratebeer/beer_ratings-total_score,dfs,42,mae,0.3963300465583801,0.3859916035532951,0.010338443005085018,0.026085438373550485,False
rel-ratebeer/beer_ratings-total_score,dfs,42,r2,0.258755133507855,0.3315722137839685,0.0728170802761135,0.2814130845983892,False
rel-ratebeer/beer_ratings-total_score,dfs,42,n_features,9.0,8.0,1.0,0.1111111111111111,False
rel-ratebeer/beer_ratings-total_score,dfs,42,n_train_used,10000.0,10000.0,0.0,0.0,True
rel-ratebeer/beer_ratings-total_score,dfs,42,n_val_used,2000.0,2000.0,0.0,0.0,True
rel-ratebeer/beer_ratings-total_score,fdhg_dmax1,42,rmse,0.5956383092352282,0.5656255519579397,0.03001275727728847,0.05038755367468464,False
rel-ratebeer/beer_ratings-total_score,fdhg_dmax1,42,mae,0.3963300465583801,0.3859916035532951,0.010338443005085018,0.026085438373550485,False
rel-ratebeer/beer_ratings-total_score,fdhg_dmax1,42,r2,0.258755133507855,0.3315722137839685,0.0728170802761135,0.2814130845983892,False
rel-ratebeer/beer_ratings-total_score,fdhg_dmax1,42,n_features,9.0,8.0,1.0,0.1111111111111111,False
rel-ratebeer/beer_ratings-total_score,fdhg_dmax1,42,n_train_used,10000.0,10000.0,0.0,0.0,True
rel-ratebeer/beer_ratings-total_score,fdhg_dmax1,42,n_val_used,2000.0,2000.0,0.0,0.0,True
rel-ratebeer/beer_ratings-total_score,dfs,43,rmse,0.5951027049603009,0.565880065092168,0.029222639868132894,0.0491052042354308,False
rel-ratebeer/beer_ratings-total_score,dfs,43,mae,0.3962092880010605,0.3861655377984047,0.010043750202655799,0.025349608166250044,False
rel-ratebeer/beer_ratings-total_score,dfs,43,r2,0.2600876046184206,0.3309705368429398,0.07088293222451919,0.2725348342859817,False
rel-ratebeer/beer_ratings-total_score,dfs,43,n_features,9.0,8.0,1.0,0.1111111111111111,False
rel-ratebeer/beer_ratings-total_score,dfs,43,n_train_used,10000.0,10000.0,0.0,0.0,True
rel-ratebeer/beer_ratings-total_score,dfs,43,n_val_used,2000.0,2000.0,0.0,0.0,True
rel-ratebeer/beer_ratings-total_score,fdhg_dmax1,43,rmse,0.5951027049603009,0.565880065092168,0.029222639868132894,0.0491052042354308,False
rel-ratebeer/beer_ratings-total_score,fdhg_dmax1,43,mae,0.3962092880010605,0.3861655377984047,0.010043750202655799,0.025349608166250044,False
rel-ratebeer/beer_ratings-total_score,fdhg_dmax1,43,r2,0.2600876046184206,0.3309705368429398,0.07088293222451919,0.2725348342859817,False
rel-ratebeer/beer_ratings-total_score,fdhg_dmax1,43,n_features,9.0,8.0,1.0,0.1111111111111111,False
rel-ratebeer/beer_ratings-total_score,fdhg_dmax1,43,n_train_used,10000.0,10000.0,0.0,0.0,True
rel-ratebeer/beer_ratings-total_score,fdhg_dmax1,43,n_val_used,2000.0,2000.0,0.0,0.0,True
rel-ratebeer/beer_ratings-total_score,dfs,44,rmse,0.5952165619065811,0.5661414163953918,0.029075145511189282,0.04884801158431577,False
rel-ratebeer/beer_ratings-total_score,dfs,44,mae,0.3961008801341057,0.3862676177382469,0.0098332623958588,0.024825146544813548,False
rel-ratebeer/beer_ratings-total_score,dfs,44,r2,0.2598044527386459,0.3303524125779187,0.07054795983927281,0.2715425355324513,False
rel-ratebeer/beer_ratings-total_score,dfs,44,n_features,9.0,8.0,1.0,0.1111111111111111,False
rel-ratebeer/beer_ratings-total_score,dfs,44,n_train_used,10000.0,10000.0,0.0,0.0,True
rel-ratebeer/beer_ratings-total_score,dfs,44,n_val_used,2000.0,2000.0,0.0,0.0,True
rel-ratebeer/beer_ratings-total_score,fdhg_dmax1,44,rmse,0.5952165619065811,0.5661414163953918,0.029075145511189282,0.04884801158431577,False
rel-ratebeer/beer_ratings-total_score,fdhg_dmax1,44,mae,0.3961008801341057,0.3862676177382469,0.0098332623958588,0.024825146544813548,False
rel-ratebeer/beer_ratings-total_score,fdhg_dmax1,44,r2,0.2598044527386459,0.3303524125779187,0.07054795983927281,0.2715425355324513,False
rel-ratebeer/beer_ratings-total_score,fdhg_dmax1,44,n_features,9.0,8.0,1.0,0.1111111111111111,False
rel-ratebeer/beer_ratings-total_score,fdhg_dmax1,44,n_train_used,10000.0,10000.0,0.0,0.0,True
rel-ratebeer/beer_ratings-total_score,fdhg_dmax1,44,n_val_used,2000.0,2000.0,0.0,0.0,True
rel-ratebeer/brewer-dormant,dfs,41,accuracy,0.719,0.7185,0.0004999999999999449,0.0006954102920722461,False
rel-ratebeer/brewer-dormant,dfs,41,roc_auc,0.7748843413216109,0.7748865570051049,2.2156834940112446e-06,2.8593731681714795e-06,False
rel-ratebeer/brewer-dormant,dfs,41,average_precision,0.6075757919829481,0.6075617374703607,1.4054512587402535e-05,2.3132114170534597e-05,False
rel-ratebeer/brewer-dormant,dfs,41,log_loss,0.5510911130534568,0.5510913515875054,2.3853404862439476e-07,4.3283958491498397e-07,False
rel-ratebeer/brewer-dormant,dfs,41,n_features,5.0,5.0,0.0,0.0,True
rel-ratebeer/brewer-dormant,dfs,41,n_train_used,10000.0,10000.0,0.0,0.0,True
rel-ratebeer/brewer-dormant,dfs,41,n_val_used,2000.0,2000.0,0.0,0.0,True
rel-ratebeer/brewer-dormant,fdhg_dmax1,41,accuracy,0.719,0.719,0.0,0.0,True
rel-ratebeer/brewer-dormant,fdhg_dmax1,41,roc_auc,0.7742849989364718,0.7742805675694838,4.431366988022489e-06,5.72317298424901e-06,False
rel-ratebeer/brewer-dormant,fdhg_dmax1,41,average_precision,0.6100100226279319,0.609988439091286,2.1583536645941592e-05,3.538226561091473e-05,False
rel-ratebeer/brewer-dormant,fdhg_dmax1,41,log_loss,0.5513194633714066,0.55131749346015,1.9699112565607635e-06,3.5730849125377173e-06,False
rel-ratebeer/brewer-dormant,fdhg_dmax1,41,n_features,13.0,13.0,0.0,0.0,True
rel-ratebeer/brewer-dormant,fdhg_dmax1,41,n_train_used,10000.0,10000.0,0.0,0.0,True
rel-ratebeer/brewer-dormant,fdhg_dmax1,41,n_val_used,2000.0,2000.0,0.0,0.0,True
rel-ratebeer/brewer-dormant,dfs,42,accuracy,0.7205,0.7205,0.0,0.0,True
rel-ratebeer/brewer-dormant,dfs,42,roc_auc,0.7749275471497448,0.7749297628332389,2.215683494122267e-06,2.859213744913e-06,False
rel-ratebeer/brewer-dormant,dfs,42,average_precision,0.6084545495630576,0.6084557303248064,1.1807617488202027e-06,1.940591535831443e-06,False
rel-ratebeer/brewer-dormant,dfs,42,log_loss,0.5510159431698811,0.551018105850756,2.1626808748287374e-06,3.924897095331362e-06,False
rel-ratebeer/brewer-dormant,dfs,42,n_features,5.0,5.0,0.0,0.0,True
rel-ratebeer/brewer-dormant,dfs,42,n_train_used,10000.0,10000.0,0.0,0.0,True
rel-ratebeer/brewer-dormant,dfs,42,n_val_used,2000.0,2000.0,0.0,0.0,True
rel-ratebeer/brewer-dormant,fdhg_dmax1,42,accuracy,0.7175,0.7175,0.0,0.0,True
rel-ratebeer/brewer-dormant,fdhg_dmax1,42,roc_auc,0.7744323418888258,0.7744328958096994,5.539208736138335e-07,7.152605123164549e-07,False
rel-ratebeer/brewer-dormant,fdhg_dmax1,42,average_precision,0.6094795780147771,0.6094813317785738,1.753763796630281e-06,2.8774775396785487e-06,False
rel-ratebeer/brewer-dormant,fdhg_dmax1,42,log_loss,0.5509627941479469,0.5509661019611747,3.3078132277708505e-06,6.003696189479216e-06,False
rel-ratebeer/brewer-dormant,fdhg_dmax1,42,n_features,13.0,13.0,0.0,0.0,True
rel-ratebeer/brewer-dormant,fdhg_dmax1,42,n_train_used,10000.0,10000.0,0.0,0.0,True
rel-ratebeer/brewer-dormant,fdhg_dmax1,42,n_val_used,2000.0,2000.0,0.0,0.0,True
rel-ratebeer/brewer-dormant,dfs,43,accuracy,0.72,0.7195,0.0004999999999999449,0.000694444444444368,False
rel-ratebeer/brewer-dormant,dfs,43,roc_auc,0.7752100467952354,0.7752067232699943,3.3235252411278893e-06,4.287257698565107e-06,False
rel-ratebeer/brewer-dormant,dfs,43,average_precision,0.6080321713062034,0.607982353262735,4.981804346837482e-05,8.193323613346535e-05,False
rel-ratebeer/brewer-dormant,dfs,43,log_loss,0.5509380921821854,0.5509360437789419,2.0484032434708865e-06,3.718027982703937e-06,False
rel-ratebeer/brewer-dormant,dfs,43,n_features,5.0,5.0,0.0,0.0,True
rel-ratebeer/brewer-dormant,dfs,43,n_train_used,10000.0,10000.0,0.0,0.0,True
rel-ratebeer/brewer-dormant,dfs,43,n_val_used,2000.0,2000.0,0.0,0.0,True
rel-ratebeer/brewer-dormant,fdhg_dmax1,43,accuracy,0.719,0.719,0.0,0.0,True
rel-ratebeer/brewer-dormant,fdhg_dmax1,43,roc_auc,0.7745519887975042,0.7745530966392513,1.1078417471166446e-06,1.4303000484661778e-06,False
rel-ratebeer/brewer-dormant,fdhg_dmax1,43,average_precision,0.6101346326903943,0.610185917111614,5.128442121971055e-05,8.40542701101418e-05,False
rel-ratebeer/brewer-dormant,fdhg_dmax1,43,log_loss,0.5512125705560429,0.5512199604452395,7.389889196574018e-06,1.340660498565802e-05,False
rel-ratebeer/brewer-dormant,fdhg_dmax1,43,n_features,13.0,13.0,0.0,0.0,True
rel-ratebeer/brewer-dormant,fdhg_dmax1,43,n_train_used,10000.0,10000.0,0.0,0.0,True
rel-ratebeer/brewer-dormant,fdhg_dmax1,43,n_val_used,2000.0,2000.0,0.0,0.0,True
rel-ratebeer/brewer-dormant,dfs,44,accuracy,0.7195,0.72,0.0004999999999999449,0.000694927032661494,False
rel-ratebeer/brewer-dormant,dfs,44,roc_auc,0.7747491846284742,0.7747536159954622,4.431366988022489e-06,5.7197439841740805e-06,False
rel-ratebeer/brewer-dormant,dfs,44,average_precision,0.6080525203667295,0.6080573404986467,4.820131917160353e-06,7.927163782255565e-06,False
rel-ratebeer/brewer-dormant,dfs,44,log_loss,0.5511098182920546,0.5511065371386197,3.2811534349530547e-06,5.953719796032092e-06,False
rel-ratebeer/brewer-dormant,dfs,44,n_features,5.0,5.0,0.0,0.0,True
rel-ratebeer/brewer-dormant,dfs,44,n_train_used,10000.0,10000.0,0.0,0.0,True
rel-ratebeer/brewer-dormant,dfs,44,n_val_used,2000.0,2000.0,0.0,0.0,True
rel-ratebeer/brewer-dormant,fdhg_dmax1,44,accuracy,0.7175,0.7175,0.0,0.0,True
rel-ratebeer/brewer-dormant,fdhg_dmax1,44,roc_auc,0.7743913517441859,0.7743758419597276,1.5509784458300757e-05,2.002835442747079e-05,False
rel-ratebeer/brewer-dormant,fdhg_dmax1,44,average_precision,0.6103149645056933,0.6102632593243495,5.170518134378632e-05,8.47188490383214e-05,False
rel-ratebeer/brewer-dormant,fdhg_dmax1,44,log_loss,0.5514763484400159,0.5514779123312182,1.5638912023163698e-06,2.8358264261744206e-06,False
rel-ratebeer/brewer-dormant,fdhg_dmax1,44,n_features,13.0,13.0,0.0,0.0,True
rel-ratebeer/brewer-dormant,fdhg_dmax1,44,n_train_used,10000.0,10000.0,0.0,0.0,True
rel-ratebeer/brewer-dormant,fdhg_dmax1,44,n_val_used,2000.0,2000.0,0.0,0.0,True
rel-ratebeer/user-churn,dfs,41,accuracy,0.7065,0.7065,0.0,0.0,True
rel-ratebeer/user-churn,dfs,41,roc_auc,0.7804954114034475,0.7804779642682671,1.7447135180370665e-05,2.2353924091620357e-05,False
rel-ratebeer/user-churn,dfs,41,average_precision,0.8467719070202072,0.8467910075051694,1.9100484962231157e-05,2.2556824103253282e-05,False
rel-ratebeer/user-churn,dfs,41,log_loss,0.5760620032921676,0.5760493110598202,1.2692232347455423e-05,2.2032753896142957e-05,False
rel-ratebeer/user-churn,dfs,41,n_features,9.0,9.0,0.0,0.0,True
rel-ratebeer/user-churn,dfs,41,n_train_used,10000.0,10000.0,0.0,0.0,True
rel-ratebeer/user-churn,dfs,41,n_val_used,2000.0,2000.0,0.0,0.0,True
rel-ratebeer/user-churn,fdhg_dmax1,41,accuracy,0.709,0.709,0.0,0.0,True
rel-ratebeer/user-churn,fdhg_dmax1,41,roc_auc,0.7807293120594598,0.7807554827622304,2.6170702770555998e-05,3.352084053501357e-05,False
rel-ratebeer/user-churn,fdhg_dmax1,41,average_precision,0.845749224905509,0.8456525410854936,9.668382001537523e-05,0.00011431736165785691,False
rel-ratebeer/user-churn,fdhg_dmax1,41,log_loss,0.5753235124855538,0.5753258565903474,2.3441047936056947e-06,4.0744116010112735e-06,False
rel-ratebeer/user-churn,fdhg_dmax1,41,n_features,17.0,17.0,0.0,0.0,True
rel-ratebeer/user-churn,fdhg_dmax1,41,n_train_used,10000.0,10000.0,0.0,0.0,True
rel-ratebeer/user-churn,fdhg_dmax1,41,n_val_used,2000.0,2000.0,0.0,0.0,True
rel-ratebeer/user-churn,dfs,42,accuracy,0.7055,0.7055,0.0,0.0,True
rel-ratebeer/user-churn,dfs,42,roc_auc,0.7809872025263451,0.7809806598506525,6.542675692666755e-06,8.377442897274683e-06,False
rel-ratebeer/user-churn,dfs,42,average_precision,0.8470777629455474,0.8470182112207068,5.955172484062299e-05,7.030254770653347e-05,False
rel-ratebeer/user-churn,dfs,42,log_loss,0.5769328261994834,0.5769558539901023,2.302779061891247e-05,3.991416257349561e-05,False
rel-ratebeer/user-churn,dfs,42,n_features,9.0,9.0,0.0,0.0,True
rel-ratebeer/user-churn,dfs,42,n_train_used,10000.0,10000.0,0.0,0.0,True
rel-ratebeer/user-churn,dfs,42,n_val_used,2000.0,2000.0,0.0,0.0,True
rel-ratebeer/user-churn,fdhg_dmax1,42,accuracy,0.709,0.709,0.0,0.0,True
rel-ratebeer/user-churn,fdhg_dmax1,42,roc_auc,0.7804032687207759,0.7804163540721614,1.3085351385444532e-05,1.6767422574861615e-05,False
rel-ratebeer/user-churn,fdhg_dmax1,42,average_precision,0.8417693804505887,0.8419875362862241,0.00021815583563544738,0.0002591634249260424,False
rel-ratebeer/user-churn,fdhg_dmax1,42,log_loss,0.5758869853725586,0.5758927314816676,5.746109109083797e-06,9.977841581827841e-06,False
rel-ratebeer/user-churn,fdhg_dmax1,42,n_features,17.0,17.0,0.0,0.0,True
rel-ratebeer/user-churn,fdhg_dmax1,42,n_train_used,10000.0,10000.0,0.0,0.0,True
rel-ratebeer/user-churn,fdhg_dmax1,42,n_val_used,2000.0,2000.0,0.0,0.0,True
rel-ratebeer/user-churn,dfs,43,accuracy,0.709,0.7085,0.0004999999999999449,0.0007052186177714315,False
rel-ratebeer/user-churn,dfs,43,roc_auc,0.7803743719031335,0.7803852763626213,1.0904459487814933e-05,1.3973369552387715e-05,False
rel-ratebeer/user-churn,dfs,43,average_precision,0.8444837211109743,0.8444400861778715,4.363493310277633e-05,5.167054380322653e-05,False
rel-ratebeer/user-churn,dfs,43,log_loss,0.5769246072895243,0.5769282320047829,3.6247152586099673e-06,6.282823115553012e-06,False
rel-ratebeer/user-churn,dfs,43,n_features,9.0,9.0,0.0,0.0,True
rel-ratebeer/user-churn,dfs,43,n_train_used,10000.0,10000.0,0.0,0.0,True
rel-ratebeer/user-churn,dfs,43,n_val_used,2000.0,2000.0,0.0,0.0,True
rel-ratebeer/user-churn,fdhg_dmax1,43,accuracy,0.706,0.706,0.0,0.0,True
rel-ratebeer/user-churn,fdhg_dmax1,43,roc_auc,0.7802647820852815,0.7803105808151302,4.5798729848667286e-05,5.869639499333647e-05,False
rel-ratebeer/user-churn,fdhg_dmax1,43,average_precision,0.8452366622750194,0.845312572739016,7.591046399668677e-05,8.980971529603073e-05,False
rel-ratebeer/user-churn,fdhg_dmax1,43,log_loss,0.5762235769198754,0.5761740737909801,4.950312889528963e-05,8.590958592826392e-05,False
rel-ratebeer/user-churn,fdhg_dmax1,43,n_features,17.0,17.0,0.0,0.0,True
rel-ratebeer/user-churn,fdhg_dmax1,43,n_train_used,10000.0,10000.0,0.0,0.0,True
rel-ratebeer/user-churn,fdhg_dmax1,43,n_val_used,2000.0,2000.0,0.0,0.0,True
rel-ratebeer/user-churn,dfs,44,accuracy,0.709,0.709,0.0,0.0,True
rel-ratebeer/user-churn,dfs,44,roc_auc,0.7808563490124922,0.7808498063367995,6.542675692777777e-06,8.378846763622981e-06,False
rel-ratebeer/user-churn,dfs,44,average_precision,0.8459107273885325,0.8460691762836234,0.00015844889509097904,0.00018731160388536176,False
rel-ratebeer/user-churn,dfs,44,log_loss,0.5768258603911186,0.5768473743502832,2.151395916460963e-05,3.729714744415589e-05,False
rel-ratebeer/user-churn,dfs,44,n_features,9.0,9.0,0.0,0.0,True
rel-ratebeer/user-churn,dfs,44,n_train_used,10000.0,10000.0,0.0,0.0,True
rel-ratebeer/user-churn,dfs,44,n_val_used,2000.0,2000.0,0.0,0.0,True
rel-ratebeer/user-churn,fdhg_dmax1,44,accuracy,0.7055,0.7055,0.0,0.0,True
rel-ratebeer/user-churn,fdhg_dmax1,44,roc_auc,0.77927792850164,0.7792670240421522,1.0904459487814933e-05,1.399303007180189e-05,False
rel-ratebeer/user-churn,fdhg_dmax1,44,average_precision,0.8442390408547451,0.8445015697197051,0.00026252886496003214,0.0003109650848345467,False
rel-ratebeer/user-churn,fdhg_dmax1,44,log_loss,0.577680254335119,0.5777056518290183,2.539749389929291e-05,4.396462179328624e-05,False
rel-ratebeer/user-churn,fdhg_dmax1,44,n_features,17.0,17.0,0.0,0.0,True
rel-ratebeer/user-churn,fdhg_dmax1,44,n_train_used,10000.0,10000.0,0.0,0.0,True
rel-ratebeer/user-churn,fdhg_dmax1,44,n_val_used,2000.0,2000.0,0.0,0.0,True
rel-ratebeer/user-count,dfs,41,rmse,51.15631202105067,43.2568739968288,7.899438024221865,0.15441766054150405,False
rel-ratebeer/user-count,dfs,41,mae,18.245123812779784,13.679287429094314,4.56583638368547,0.2502496793410266,False
rel-ratebeer/user-count,dfs,41,r2,0.021720074031806,0.3005205663130462,0.2788004922812402,12.836074677875223,False
rel-ratebeer/user-count,dfs,41,n_features,9.0,9.0,0.0,0.0,True
rel-ratebeer/user-count,fdhg_dmax1,41,rmse,55.79303170586863,41.639127351248185,14.153904354620444,0.25368588015143934,False
rel-ratebeer/user-count,fdhg_dmax1,41,mae,27.21959604692459,13.145522446498276,14.074073600426313,0.5170566666810059,False
rel-ratebeer/user-count,fdhg_dmax1,41,r2,-0.1636559879057326,0.3518613424707233,0.515517330376456,3.1500059177388535,False
rel-ratebeer/user-count,fdhg_dmax1,41,n_features,17.0,17.0,0.0,0.0,True
rel-ratebeer/user-count,dfs,42,rmse,59.52532678995176,43.25683396695997,16.268492822991796,0.2733037128951641,False
rel-ratebeer/user-count,dfs,42,mae,20.74587997287512,13.622841018602251,7.123038954272868,0.3433471592232346,False
rel-ratebeer/user-count,dfs,42,r2,-0.324549714673624,0.3005218609076127,0.6250715755812366,1.925965568048105,False
rel-ratebeer/user-count,dfs,42,n_features,9.0,9.0,0.0,0.0,True
rel-ratebeer/user-count,fdhg_dmax1,42,rmse,44.29816126263739,41.49370293140522,2.8044583312321762,0.06330868485951252,False
rel-ratebeer/user-count,fdhg_dmax1,42,mae,17.70505019944906,13.067795583441852,4.63725461600721,0.2619170555162566,False
rel-ratebeer/user-count,fdhg_dmax1,42,r2,0.2664392491137549,0.3563806780752319,0.089941428961477,0.3375682421439229,False
rel-ratebeer/user-count,fdhg_dmax1,42,n_features,17.0,17.0,0.0,0.0,True
rel-ratebeer/user-count,dfs,43,rmse,48.82973336430114,43.2711234785932,5.558609885707938,0.11383658076191286,False
rel-ratebeer/user-count,dfs,43,mae,17.413141641989352,13.601754936240614,3.8113867057487383,0.2188799002563738,False
rel-ratebeer/user-count,dfs,43,r2,0.108680531974077,0.3000596517719924,0.1913791197979154,1.7609328581825865,False
rel-ratebeer/user-count,dfs,43,n_features,9.0,9.0,0.0,0.0,True
rel-ratebeer/user-count,fdhg_dmax1,43,rmse,49.357015137717525,41.77317949772564,7.583835639991882,0.15365263922121752,False
rel-ratebeer/user-count,fdhg_dmax1,43,mae,22.94327434539795,13.05533598010242,9.887938365295529,0.4309732872665967,False
rel-ratebeer/user-count,fdhg_dmax1,43,r2,0.0893269959815851,0.3476814164886519,0.2583544205070668,2.892232271645259,False
rel-ratebeer/user-count,fdhg_dmax1,43,n_features,17.0,17.0,0.0,0.0,True
rel-ratebeer/user-count,dfs,44,rmse,53.53873550257067,43.268118777388864,10.270616725181803,0.19183525028693774,False
rel-ratebeer/user-count,dfs,44,mae,19.056237951800227,13.665382786288855,5.390855165511372,0.28289188973955387,False
rel-ratebeer/user-count,dfs,44,r2,-0.0715215407299849,0.3001568546370577,0.3716783953670426,5.1967336214167865,False
rel-ratebeer/user-count,dfs,44,n_features,9.0,9.0,0.0,0.0,True
rel-ratebeer/user-count,fdhg_dmax1,44,rmse,44.81933817810822,41.67109869177757,3.1482394863306453,0.07024288207513932,False
rel-ratebeer/user-count,fdhg_dmax1,44,mae,17.71862166249752,12.964287450924516,4.754334211573003,0.2683241564797235,False
rel-ratebeer/user-count,fdhg_dmax1,44,r2,0.2490767254733202,0.350865653157561,0.10178892768424083,0.4086649504919075,False
rel-ratebeer/user-count,fdhg_dmax1,44,n_features,17.0,17.0,0.0,0.0,True
rel-ratebeer/user-place-liked_pairwise,dfs,41,accuracy,0.496,0.496,0.0,0.0,True
rel-ratebeer/user-place-liked_pairwise,dfs,41,roc_auc,0.555007555007555,0.554998554998555,9.000009000059705e-06,1.6216011690034007e-05,False
rel-ratebeer/user-place-liked_pairwise,dfs,41,average_precision,0.5300954411947472,0.5301324558976613,3.701470291417319e-05,6.982648790706103e-05,False
rel-ratebeer/user-place-liked_pairwise,dfs,41,log_loss,1.1010020356427237,1.100991747081433,1.0288561290705545e-05,9.344725039222537e-06,False
rel-ratebeer/user-place-liked_pairwise,dfs,41,n_features,10.0,10.0,0.0,0.0,True
rel-ratebeer/user-place-liked_pairwise,dfs,41,n_train_used,10000.0,10000.0,0.0,0.0,True
rel-ratebeer/user-place-liked_pairwise,dfs,41,n_val_used,2000.0,2000.0,0.0,0.0,True
rel-ratebeer/user-place-liked_pairwise,fdhg_dmax1,41,accuracy,0.4965,0.497,0.0005000000000000004,0.0010070493454179263,False
rel-ratebeer/user-place-liked_pairwise,fdhg_dmax1,41,roc_auc,0.5504825504825505,0.5504355504355504,4.700004700008975e-05,8.537972177118008e-05,False
rel-ratebeer/user-place-liked_pairwise,fdhg_dmax1,41,average_precision,0.5260706324150521,0.5260641677987713,6.464616280843494e-06,1.2288494895003238e-05,False
rel-ratebeer/user-place-liked_pairwise,fdhg_dmax1,41,log_loss,1.1346559868584023,1.1348499373128302,0.000193950454427938,0.00017093326671191466,False
rel-ratebeer/user-place-liked_pairwise,fdhg_dmax1,41,n_features,18.0,18.0,0.0,0.0,True
rel-ratebeer/user-place-liked_pairwise,fdhg_dmax1,41,n_train_used,10000.0,10000.0,0.0,0.0,True
rel-ratebeer/user-place-liked_pairwise,fdhg_dmax1,41,n_val_used,2000.0,2000.0,0.0,0.0,True
rel-ratebeer/user-place-liked_pairwise,dfs,42,accuracy,0.4955,0.495,0.0005000000000000004,0.0010090817356205861,False
rel-ratebeer/user-place-liked_pairwise,dfs,42,roc_auc,0.5581515581515581,0.5581545581545582,3.000003000019902e-06,5.374889590839937e-06,False
rel-ratebeer/user-place-liked_pairwise,dfs,42,average_precision,0.5344629583564326,0.5344210233824702,4.1934973962431954e-05,7.846189021478561e-05,False
rel-ratebeer/user-place-liked_pairwise,dfs,42,log_loss,1.0634859018748324,1.0635575066961576,7.160482132517743e-05,6.733029671474196e-05,False
rel-ratebeer/user-place-liked_pairwise,dfs,42,n_features,10.0,10.0,0.0,0.0,True
rel-ratebeer/user-place-liked_pairwise,dfs,42,n_train_used,10000.0,10000.0,0.0,0.0,True
rel-ratebeer/user-place-liked_pairwise,dfs,42,n_val_used,2000.0,2000.0,0.0,0.0,True
rel-ratebeer/user-place-liked_pairwise,fdhg_dmax1,42,accuracy,0.4905,0.4905,0.0,0.0,True
rel-ratebeer/user-place-liked_pairwise,fdhg_dmax1,42,roc_auc,0.5525655525655525,0.5525185525185525,4.700004699997873e-05,8.50578664952209e-05,False
rel-ratebeer/user-place-liked_pairwise,fdhg_dmax1,42,average_precision,0.5283915407386454,0.528397366634556,5.8258959106938235e-06,1.1025717600531091e-05,False
rel-ratebeer/user-place-liked_pairwise,fdhg_dmax1,42,log_loss,1.1165850000483764,1.1168684725098157,0.000283472461439338,0.00025387450254755036,False
rel-ratebeer/user-place-liked_pairwise,fdhg_dmax1,42,n_features,18.0,18.0,0.0,0.0,True
rel-ratebeer/user-place-liked_pairwise,fdhg_dmax1,42,n_train_used,10000.0,10000.0,0.0,0.0,True
rel-ratebeer/user-place-liked_pairwise,fdhg_dmax1,42,n_val_used,2000.0,2000.0,0.0,0.0,True
rel-ratebeer/user-place-liked_pairwise,dfs,43,accuracy,0.4955,0.4955,0.0,0.0,True
rel-ratebeer/user-place-liked_pairwise,dfs,43,roc_auc,0.5582865582865584,0.5582575582575582,2.9000029000192384e-05,5.19447021780295e-05,False
rel-ratebeer/user-place-liked_pairwise,dfs,43,average_precision,0.5341970095078457,0.534136738581173,6.027092667260092e-05,0.00011282527906348329,False
rel-ratebeer/user-place-liked_pairwise,dfs,43,log_loss,1.0991885468460445,1.0993803725262998,0.00019182568025533087,0.00017451571962403146,False
rel-ratebeer/user-place-liked_pairwise,dfs,43,n_features,10.0,10.0,0.0,0.0,True
rel-ratebeer/user-place-liked_pairwise,dfs,43,n_train_used,10000.0,10000.0,0.0,0.0,True
rel-ratebeer/user-place-liked_pairwise,dfs,43,n_val_used,2000.0,2000.0,0.0,0.0,True
rel-ratebeer/user-place-liked_pairwise,fdhg_dmax1,43,accuracy,0.4885,0.4885,0.0,0.0,True
rel-ratebeer/user-place-liked_pairwise,fdhg_dmax1,43,roc_auc,0.5508835508835509,0.5508725508725508,1.1000011000072973e-05,1.9967942376261336e-05,False
rel-ratebeer/user-place-liked_pairwise,fdhg_dmax1,43,average_precision,0.5259723573442361,0.5260163578659411,4.400052170505653e-05,8.365557826503657e-05,False
rel-ratebeer/user-place-liked_pairwise,fdhg_dmax1,43,log_loss,1.0796215855326594,1.079837690890041,0.00021610535738147973,0.00020016768863958804,False
rel-ratebeer/user-place-liked_pairwise,fdhg_dmax1,43,n_features,18.0,18.0,0.0,0.0,True
rel-ratebeer/user-place-liked_pairwise,fdhg_dmax1,43,n_train_used,10000.0,10000.0,0.0,0.0,True
rel-ratebeer/user-place-liked_pairwise,fdhg_dmax1,43,n_val_used,2000.0,2000.0,0.0,0.0,True
rel-ratebeer/user-place-liked_pairwise,dfs,44,accuracy,0.4995,0.499,0.0005000000000000004,0.0010010010010010019,False
rel-ratebeer/user-place-liked_pairwise,dfs,44,roc_auc,0.5558305558305559,0.5558075558075558,2.300002300004156e-05,4.1379558498135324e-05,False
rel-ratebeer/user-place-liked_pairwise,dfs,44,average_precision,0.5316970084118811,0.5315236347919892,0.00017337361989189226,0.0003260759740020725,False
rel-ratebeer/user-place-liked_pairwise,dfs,44,log_loss,1.0919346703258126,1.0921931060089105,0.00025843568309791287,0.0002366768728213388,False
rel-ratebeer/user-place-liked_pairwise,dfs,44,n_features,10.0,10.0,0.0,0.0,True
rel-ratebeer/user-place-liked_pairwise,dfs,44,n_train_used,10000.0,10000.0,0.0,0.0,True
rel-ratebeer/user-place-liked_pairwise,dfs,44,n_val_used,2000.0,2000.0,0.0,0.0,True
rel-ratebeer/user-place-liked_pairwise,fdhg_dmax1,44,accuracy,0.4925,0.493,0.0005000000000000004,0.00101522842639594,False
rel-ratebeer/user-place-liked_pairwise,fdhg_dmax1,44,roc_auc,0.5505385505385506,0.5505605505605506,2.2000022000034924e-05,3.996091096348104e-05,False
rel-ratebeer/user-place-liked_pairwise,fdhg_dmax1,44,average_precision,0.5257635011745923,0.52584423180713,8.073063253777324e-05,0.000153549328466916,False
rel-ratebeer/user-place-liked_pairwise,fdhg_dmax1,44,log_loss,1.1201965186738974,1.1205022330536756,0.00030571437977822136,0.0002729113817815912,False
rel-ratebeer/user-place-liked_pairwise,fdhg_dmax1,44,n_features,18.0,18.0,0.0,0.0,True
rel-ratebeer/user-place-liked_pairwise,fdhg_dmax1,44,n_train_used,10000.0,10000.0,0.0,0.0,True
rel-ratebeer/user-place-liked_pairwise,fdhg_dmax1,44,n_val_used,2000.0,2000.0,0.0,0.0,True
rel-salt/item-incoterms,dfs,41,accuracy,0.6935,0.689,0.0045000000000000595,0.006488824801730439,False
rel-salt/item-incoterms,dfs,41,log_loss,1.0924222295105683,1.0890103336071906,0.0034118959033777596,0.0031232391754847134,False
rel-salt/item-incoterms,dfs,41,macro_f1,0.1455630664333483,0.1377316599907115,0.007831406442636801,0.05380077951451177,False
rel-salt/item-incoterms,dfs,41,weighted_f1,0.6122965760234138,0.602029662138724,0.01026691388468981,0.01676787734363749,False
rel-salt/item-incoterms,dfs,41,n_features,9.0,9.0,0.0,0.0,True
rel-salt/item-incoterms,dfs,41,n_train_used,10000.0,10000.0,0.0,0.0,True
rel-salt/item-incoterms,dfs,41,n_val_used,2000.0,2000.0,0.0,0.0,True
rel-salt/item-incoterms,fdhg_dmax1,41,accuracy,0.693,0.6995,0.006500000000000061,0.009379509379509468,False
rel-salt/item-incoterms,fdhg_dmax1,41,log_loss,1.04016880729841,1.038695362310755,0.0014734449876550038,0.0014165441006464374,False
rel-salt/item-incoterms,fdhg_dmax1,41,macro_f1,0.2370553345276985,0.2389045870508097,0.001849252523111189,0.007800931908136894,False
rel-salt/item-incoterms,fdhg_dmax1,41,weighted_f1,0.6290064462343431,0.6332215805593032,0.004215134324960124,0.006701257753707869,False
rel-salt/item-incoterms,fdhg_dmax1,41,n_features,17.0,17.0,0.0,0.0,True
rel-salt/item-incoterms,fdhg_dmax1,41,n_train_used,10000.0,10000.0,0.0,0.0,True
rel-salt/item-incoterms,fdhg_dmax1,41,n_val_used,2000.0,2000.0,0.0,0.0,True
rel-salt/item-incoterms,dfs,42,accuracy,0.689,0.689,0.0,0.0,True
rel-salt/item-incoterms,dfs,42,log_loss,1.089900371439589,1.0914563581168073,0.0015559866772183462,0.0014276412028038212,False
rel-salt/item-incoterms,dfs,42,macro_f1,0.137836754241577,0.137836754241577,0.0,0.0,True
rel-salt/item-incoterms,dfs,42,weighted_f1,0.6020016823451789,0.6020016823451789,0.0,0.0,True
rel-salt/item-incoterms,dfs,42,n_features,9.0,9.0,0.0,0.0,True
rel-salt/item-incoterms,dfs,42,n_train_used,10000.0,10000.0,0.0,0.0,True
rel-salt/item-incoterms,dfs,42,n_val_used,2000.0,2000.0,0.0,0.0,True
rel-salt/item-incoterms,fdhg_dmax1,42,accuracy,0.69,0.699,0.009000000000000008,0.013043478260869578,False
rel-salt/item-incoterms,fdhg_dmax1,42,log_loss,1.0399529330780335,1.044251926831957,0.004298993753923508,0.004133834923855088,False
rel-salt/item-incoterms,fdhg_dmax1,42,macro_f1,0.2358499104026686,0.2381893593019129,0.002339448899244312,0.009919227424128128,False
rel-salt/item-incoterms,fdhg_dmax1,42,weighted_f1,0.6267243308776774,0.6320185139576281,0.005294183079950665,0.008447387183032425,False
rel-salt/item-incoterms,fdhg_dmax1,42,n_features,17.0,17.0,0.0,0.0,True
rel-salt/item-incoterms,fdhg_dmax1,42,n_train_used,10000.0,10000.0,0.0,0.0,True
rel-salt/item-incoterms,fdhg_dmax1,42,n_val_used,2000.0,2000.0,0.0,0.0,True
rel-salt/item-incoterms,dfs,43,accuracy,0.6935,0.6935,0.0,0.0,True
rel-salt/item-incoterms,dfs,43,log_loss,1.0915743424007114,1.0860221097203608,0.005552232680350544,0.005086444839056457,False
rel-salt/item-incoterms,dfs,43,macro_f1,0.1456678908152086,0.1456678908152086,0.0,0.0,True
rel-salt/item-incoterms,dfs,43,weighted_f1,0.6122666399494501,0.6122666399494501,0.0,0.0,True
rel-salt/item-incoterms,dfs,43,n_features,9.0,9.0,0.0,0.0,True
rel-salt/item-incoterms,dfs,43,n_train_used,10000.0,10000.0,0.0,0.0,True
rel-salt/item-incoterms,dfs,43,n_val_used,2000.0,2000.0,0.0,0.0,True
rel-salt/item-incoterms,fdhg_dmax1,43,accuracy,0.6865,0.6905,0.0040000000000000036,0.005826656955571746,False
rel-salt/item-incoterms,fdhg_dmax1,43,log_loss,1.049165946960491,1.0561370520955922,0.00697110513510113,0.006644425655728649,False
rel-salt/item-incoterms,fdhg_dmax1,43,macro_f1,0.2351473165492601,0.2374138556055975,0.002266539056337391,0.0096388046846479,False
rel-salt/item-incoterms,fdhg_dmax1,43,weighted_f1,0.6251908410068708,0.6289975615862107,0.0038067205793398395,0.006088893709973598,False
rel-salt/item-incoterms,fdhg_dmax1,43,n_features,17.0,17.0,0.0,0.0,True
rel-salt/item-incoterms,fdhg_dmax1,43,n_train_used,10000.0,10000.0,0.0,0.0,True
rel-salt/item-incoterms,fdhg_dmax1,43,n_val_used,2000.0,2000.0,0.0,0.0,True
rel-salt/item-incoterms,dfs,44,accuracy,0.6935,0.6935,0.0,0.0,True
rel-salt/item-incoterms,dfs,44,log_loss,1.0907862185140975,1.0900313737360352,0.0007548447780623135,0.0006920189907519975,False
rel-salt/item-incoterms,dfs,44,macro_f1,0.1456678908152086,0.1456678908152086,0.0,0.0,True
rel-salt/item-incoterms,dfs,44,weighted_f1,0.6122666399494501,0.6122666399494501,0.0,0.0,True
rel-salt/item-incoterms,dfs,44,n_features,9.0,9.0,0.0,0.0,True
rel-salt/item-incoterms,dfs,44,n_train_used,10000.0,10000.0,0.0,0.0,True
rel-salt/item-incoterms,dfs,44,n_val_used,2000.0,2000.0,0.0,0.0,True
rel-salt/item-incoterms,fdhg_dmax1,44,accuracy,0.691,0.6865,0.0044999999999999485,0.006512301013024528,False
rel-salt/item-incoterms,fdhg_dmax1,44,log_loss,1.0407548670671307,1.0454107061924145,0.004655839125283778,0.00447352135705503,False
rel-salt/item-incoterms,fdhg_dmax1,44,macro_f1,0.2349027191037862,0.2322416428163072,0.002661076287479025,0.011328418409253456,False
rel-salt/item-incoterms,fdhg_dmax1,44,weighted_f1,0.6264996309546437,0.6212657066951249,0.005233924259518741,0.008354233587565606,False
rel-salt/item-incoterms,fdhg_dmax1,44,n_features,17.0,17.0,0.0,0.0,True
rel-salt/item-incoterms,fdhg_dmax1,44,n_train_used,10000.0,10000.0,0.0,0.0,True
rel-salt/item-incoterms,fdhg_dmax1,44,n_val_used,2000.0,2000.0,0.0,0.0,True
rel-salt/item-plant,dfs,41,accuracy,0.9694235588972432,0.9639097744360904,0.005513784461152804,0.005687693898655555,False
rel-salt/item-plant,dfs,41,log_loss,0.1502021271873914,0.1555910148305875,0.005388887643196089,0.03587757206975464,False
rel-salt/item-plant,dfs,41,macro_f1,0.7787767368107632,0.7447025368782315,0.03407419993253169,0.04375348969984893,False
rel-salt/item-plant,dfs,41,weighted_f1,0.9648540686003908,0.9603053802172484,0.004548688383142374,0.00471437964680054,False
rel-salt/item-plant,dfs,41,n_features,9.0,9.0,0.0,0.0,True
rel-salt/item-plant,dfs,41,n_train_used,10000.0,10000.0,0.0,0.0,True
rel-salt/item-plant,dfs,41,n_val_used,1995.0,1995.0,0.0,0.0,True
rel-salt/item-plant,fdhg_dmax1,41,accuracy,0.9669172932330828,0.9659147869674184,0.001002506265664449,0.001036806635562766,False
rel-salt/item-plant,fdhg_dmax1,41,log_loss,0.1316129899107551,0.131889389148009,0.0002763992372538937,0.0021000908606461726,False
rel-salt/item-plant,fdhg_dmax1,41,macro_f1,0.7865215987373269,0.7134260140254263,0.07309558471190059,0.09293525419930926,False
rel-salt/item-plant,fdhg_dmax1,41,weighted_f1,0.964864493505026,0.9652401355518794,0.0003756420468533639,0.00038932103873859375,False
rel-salt/item-plant,fdhg_dmax1,41,n_features,17.0,17.0,0.0,0.0,True
rel-salt/item-plant,fdhg_dmax1,41,n_train_used,10000.0,10000.0,0.0,0.0,True
rel-salt/item-plant,fdhg_dmax1,41,n_val_used,1995.0,1995.0,0.0,0.0,True
rel-salt/item-plant,dfs,42,accuracy,0.9674185463659148,0.9689223057644112,0.0015037593984963404,0.0015544041450778234,False
rel-salt/item-plant,dfs,42,log_loss,0.1470443234384217,0.1625184390297991,0.015474115591377402,0.10523436219459063,False
rel-salt/item-plant,dfs,42,macro_f1,0.7653060078807412,0.7744019055928318,0.009095897712090628,0.011885308123058737,False
rel-salt/item-plant,dfs,42,weighted_f1,0.963234390860346,0.9642886799735444,0.0010542891131983811,0.001094530182063689,False
rel-salt/item-plant,dfs,42,n_features,9.0,9.0,0.0,0.0,True
rel-salt/item-plant,dfs,42,n_train_used,10000.0,10000.0,0.0,0.0,True
rel-salt/item-plant,dfs,42,n_val_used,1995.0,1995.0,0.0,0.0,True
rel-salt/item-plant,fdhg_dmax1,42,accuracy,0.9644110275689224,0.9654135338345864,0.001002506265664005,0.0010395010395008782,False
rel-salt/item-plant,fdhg_dmax1,42,log_loss,0.1361856214087779,0.1386729991388176,0.0024873777300396804,0.018264613432085536,False
rel-salt/item-plant,fdhg_dmax1,42,macro_f1,0.7090063245026248,0.8042257820476759,0.09521945754505112,0.13429987047273315,False
rel-salt/item-plant,fdhg_dmax1,42,weighted_f1,0.963612901564144,0.963751142773586,0.00013824120944194718,0.00014346135177056363,False
rel-salt/item-plant,fdhg_dmax1,42,n_features,17.0,17.0,0.0,0.0,True
rel-salt/item-plant,fdhg_dmax1,42,n_train_used,10000.0,10000.0,0.0,0.0,True
rel-salt/item-plant,fdhg_dmax1,42,n_val_used,1995.0,1995.0,0.0,0.0,True
rel-salt/item-plant,dfs,43,accuracy,0.9639097744360904,0.9674185463659148,0.0035087719298244613,0.0036401456058241287,False
rel-salt/item-plant,dfs,43,log_loss,0.1552317371701389,0.1433924455385311,0.011839291631607823,0.07626849926076382,False
rel-salt/item-plant,dfs,43,macro_f1,0.7388751555103162,0.7802248657758647,0.041349710265548456,0.05596305405206053,False
rel-salt/item-plant,dfs,43,weighted_f1,0.9614133065849312,0.9628131121777994,0.0013998055928682307,0.001455987329570596,False
rel-salt/item-plant,dfs,43,n_features,9.0,9.0,0.0,0.0,True
rel-salt/item-plant,dfs,43,n_train_used,10000.0,10000.0,0.0,0.0,True
rel-salt/item-plant,dfs,43,n_val_used,1995.0,1995.0,0.0,0.0,True
rel-salt/item-plant,fdhg_dmax1,43,accuracy,0.9654135338345864,0.9644110275689224,0.001002506265664005,0.0010384215991691018,False
rel-salt/item-plant,fdhg_dmax1,43,log_loss,0.1344987758763552,0.1308856608362673,0.0036131150400879053,0.026863553341254526,False
rel-salt/item-plant,fdhg_dmax1,43,macro_f1,0.7900499721223201,0.7842787329971458,0.005771239125174299,0.007304903903320134,False
rel-salt/item-plant,fdhg_dmax1,43,weighted_f1,0.9651486169504582,0.9643702136272566,0.0007784033232015597,0.0008065113595262146,False
rel-salt/item-plant,fdhg_dmax1,43,n_features,17.0,17.0,0.0,0.0,True
rel-salt/item-plant,fdhg_dmax1,43,n_train_used,10000.0,10000.0,0.0,0.0,True
rel-salt/item-plant,fdhg_dmax1,43,n_val_used,1995.0,1995.0,0.0,0.0,True
rel-salt/item-plant,dfs,44,accuracy,0.9644110275689224,0.9689223057644112,0.004511278195488799,0.004677754677754758,False
rel-salt/item-plant,dfs,44,log_loss,0.1458221667809956,0.150594004859932,0.004771838078936386,0.032723681071774334,False
rel-salt/item-plant,dfs,44,macro_f1,0.7420755941021232,0.7583513823091973,0.016275788207074093,0.02193279005054335,False
rel-salt/item-plant,dfs,44,weighted_f1,0.959876237021643,0.9646928504738934,0.004816613452250373,0.00501795259271719,False
rel-salt/item-plant,dfs,44,n_features,9.0,9.0,0.0,0.0,True
rel-salt/item-plant,dfs,44,n_train_used,10000.0,10000.0,0.0,0.0,True
rel-salt/item-plant,dfs,44,n_val_used,1995.0,1995.0,0.0,0.0,True
rel-salt/item-plant,fdhg_dmax1,44,accuracy,0.9649122807017544,0.9704260651629072,0.005513784461152804,0.005714285714285634,False
rel-salt/item-plant,fdhg_dmax1,44,log_loss,0.1270410298877835,0.1321259351376764,0.005084905249892885,0.04002569291499311,False
rel-salt/item-plant,fdhg_dmax1,44,macro_f1,0.7596419902305027,0.7916154983422873,0.031973508111784565,0.04209023266615719,False
rel-salt/item-plant,fdhg_dmax1,44,weighted_f1,0.9622043164922532,0.9689281470374652,0.006723830545211973,0.006987944691127465,False
rel-salt/item-plant,fdhg_dmax1,44,n_features,17.0,17.0,0.0,0.0,True
rel-salt/item-plant,fdhg_dmax1,44,n_train_used,10000.0,10000.0,0.0,0.0,True
rel-salt/item-plant,fdhg_dmax1,44,n_val_used,1995.0,1995.0,0.0,0.0,True
rel-salt/item-shippoint,dfs,41,accuracy,0.7477432296890673,0.7447342026078235,0.0030090270812437314,0.004024144869215292,False
rel-salt/item-shippoint,dfs,41,log_loss,0.607314190084083,0.606006491234236,0.0013076988498470499,0.002153249292044367,False
rel-salt/item-shippoint,dfs,41,macro_f1,0.3774075503251865,0.3769074583442419,0.0005000919809446391,0.0013250714791310978,False
rel-salt/item-shippoint,dfs,41,weighted_f1,0.6490508161309207,0.6466348079805864,0.002416008150334381,0.0037223713310099984,False
rel-salt/item-shippoint,dfs,41,n_features,9.0,9.0,0.0,0.0,True
rel-salt/item-shippoint,dfs,41,n_train_used,10000.0,10000.0,0.0,0.0,True
rel-salt/item-shippoint,dfs,41,n_val_used,1994.0,1994.0,0.0,0.0,True
rel-salt/item-shippoint,fdhg_dmax1,41,accuracy,0.820962888665998,0.8269809428284854,0.006018054162487463,0.007330482590103849,False
rel-salt/item-shippoint,fdhg_dmax1,41,log_loss,0.4025956630974228,0.4066213203373273,0.004025657239904501,0.009999256348000812,False
rel-salt/item-shippoint,fdhg_dmax1,41,macro_f1,0.5485076361463974,0.5708698942750817,0.02236225812868431,0.040769274035623075,False
rel-salt/item-shippoint,fdhg_dmax1,41,weighted_f1,0.798882448241106,0.8048442742518782,0.00596182601077222,0.007462707465783397,False
rel-salt/item-shippoint,fdhg_dmax1,41,n_features,17.0,17.0,0.0,0.0,True
rel-salt/item-shippoint,fdhg_dmax1,41,n_train_used,10000.0,10000.0,0.0,0.0,True
rel-salt/item-shippoint,fdhg_dmax1,41,n_val_used,1994.0,1994.0,0.0,0.0,True
rel-salt/item-shippoint,dfs,42,accuracy,0.7507522567703109,0.7627883650952858,0.012036108324974926,0.016032064128256515,False
rel-salt/item-shippoint,dfs,42,log_loss,0.6062856953805607,0.6072288676723187,0.0009431722917579988,0.001555656514650205,False
rel-salt/item-shippoint,dfs,42,macro_f1,0.401029010831893,0.4080671339990484,0.007038123167155408,0.01755015965691747,False
rel-salt/item-shippoint,dfs,42,weighted_f1,0.6522768877885164,0.6660213469725201,0.013744459184003688,0.021071510337585295,False
rel-salt/item-shippoint,dfs,42,n_features,9.0,9.0,0.0,0.0,True
rel-salt/item-shippoint,dfs,42,n_train_used,10000.0,10000.0,0.0,0.0,True
rel-salt/item-shippoint,dfs,42,n_val_used,1994.0,1994.0,0.0,0.0,True
rel-salt/item-shippoint,fdhg_dmax1,42,accuracy,0.7723169508525577,0.8234704112337011,0.051153460381143434,0.06623376623376624,False
rel-salt/item-shippoint,fdhg_dmax1,42,log_loss,0.4720198086917064,0.3957174681974377,0.0763023404942687,0.16165071695985664,False
rel-salt/item-shippoint,fdhg_dmax1,42,macro_f1,0.5467034361130244,0.5873786601774269,0.04067522406440249,0.07440089338672709,False
rel-salt/item-shippoint,fdhg_dmax1,42,weighted_f1,0.7737758594735453,0.8032151958810272,0.029439336407481864,0.03804633608951245,False
rel-salt/item-shippoint,fdhg_dmax1,42,n_features,17.0,17.0,0.0,0.0,True
rel-salt/item-shippoint,fdhg_dmax1,42,n_train_used,10000.0,10000.0,0.0,0.0,True
rel-salt/item-shippoint,fdhg_dmax1,42,n_val_used,1994.0,1994.0,0.0,0.0,True
rel-salt/item-shippoint,dfs,43,accuracy,0.7507522567703109,0.7477432296890673,0.0030090270812436204,0.004008016032063981,False
rel-salt/item-shippoint,dfs,43,log_loss,0.6138777404287252,0.6161427583037339,0.002265017875008657,0.003689688884022402,False
rel-salt/item-shippoint,dfs,43,macro_f1,0.401029010831893,0.3774075503251865,0.023621460506706493,0.05890212395783095,False
rel-salt/item-shippoint,dfs,43,weighted_f1,0.6522768877885164,0.6490508161309207,0.003226071657595697,0.00494586228332172,False
rel-salt/item-shippoint,dfs,43,n_features,9.0,9.0,0.0,0.0,True
rel-salt/item-shippoint,dfs,43,n_train_used,10000.0,10000.0,0.0,0.0,True
rel-salt/item-shippoint,dfs,43,n_val_used,1994.0,1994.0,0.0,0.0,True
rel-salt/item-shippoint,fdhg_dmax1,43,accuracy,0.8199598796389167,0.8294884653961886,0.00952858575727189,0.01162079510703373,False
rel-salt/item-shippoint,fdhg_dmax1,43,log_loss,0.4098241049442635,0.41098878318985,0.0011646782455864702,0.002841897856996156,False
rel-salt/item-shippoint,fdhg_dmax1,43,macro_f1,0.5788593984247651,0.5638482127470916,0.015011185677673455,0.025932351998642505,False
rel-salt/item-shippoint,fdhg_dmax1,43,weighted_f1,0.794895037586138,0.8201020074539525,0.025206969867814455,0.03171106709177679,False
rel-salt/item-shippoint,fdhg_dmax1,43,n_features,17.0,17.0,0.0,0.0,True
rel-salt/item-shippoint,fdhg_dmax1,43,n_train_used,10000.0,10000.0,0.0,0.0,True
rel-salt/item-shippoint,fdhg_dmax1,43,n_val_used,1994.0,1994.0,0.0,0.0,True
rel-salt/item-shippoint,dfs,44,accuracy,0.7477432296890673,0.7477432296890673,0.0,0.0,True
rel-salt/item-shippoint,dfs,44,log_loss,0.6153548278906985,0.6112921115534062,0.0040627163372922714,0.006602233627090199,False
rel-salt/item-shippoint,dfs,44,macro_f1,0.3774075503251865,0.3774075503251865,0.0,0.0,True
rel-salt/item-shippoint,dfs,44,weighted_f1,0.6490508161309207,0.6490508161309207,0.0,0.0,True
rel-salt/item-shippoint,dfs,44,n_features,9.0,9.0,0.0,0.0,True
rel-salt/item-shippoint,dfs,44,n_train_used,10000.0,10000.0,0.0,0.0,True
rel-salt/item-shippoint,dfs,44,n_val_used,1994.0,1994.0,0.0,0.0,True
rel-salt/item-shippoint,fdhg_dmax1,44,accuracy,0.8254764292878636,0.802407221664995,0.02306920762286857,0.027946537059538232,False
rel-salt/item-shippoint,fdhg_dmax1,44,log_loss,0.3896292669681041,0.4125281652817787,0.022898898313674587,0.05877099143979125,False
rel-salt/item-shippoint,fdhg_dmax1,44,macro_f1,0.5847344501864135,0.5628532259468723,0.021881224239541197,0.03742078858628128,False
rel-salt/item-shippoint,fdhg_dmax1,44,weighted_f1,0.8071208590566457,0.7995001050345285,0.007620754022117149,0.009441899483336617,False
rel-salt/item-shippoint,fdhg_dmax1,44,n_features,17.0,17.0,0.0,0.0,True
rel-salt/item-shippoint,fdhg_dmax1,44,n_train_used,10000.0,10000.0,0.0,0.0,True
rel-salt/item-shippoint,fdhg_dmax1,44,n_val_used,1994.0,1994.0,0.0,0.0,True
rel-salt/sales-group,dfs,41,accuracy,0.0775193798449612,0.0775193798449612,0.0,0.0,True
rel-salt/sales-group,dfs,41,log_loss,5.427296669789757,5.427296669789757,0.0,0.0,True
rel-salt/sales-group,dfs,41,macro_f1,0.0019129858372315,0.0019129858372315,0.0,0.0,True
rel-salt/sales-group,dfs,41,micro_f1,0.0775193798449612,0.0775193798449612,0.0,0.0,True
rel-salt/sales-group,dfs,41,weighted_f1,0.0133542689234243,0.0133542689234243,0.0,0.0,True
rel-salt/sales-group,dfs,41,mrr,0.1212355260149686,0.1212355260149686,0.0,0.0,True
rel-salt/sales-group,dfs,41,n_features,9.0,9.0,0.0,0.0,True
rel-salt/sales-group,dfs,41,n_train_used,10000.0,10000.0,0.0,0.0,True
rel-salt/sales-group,dfs,41,n_val_used,1935.0,1935.0,0.0,0.0,True
rel-salt/sales-group,fdhg_dmax1,41,accuracy,0.0806201550387596,0.0806201550387596,0.0,0.0,True
rel-salt/sales-group,fdhg_dmax1,41,log_loss,5.389755818419031,5.389755818419031,0.0,0.0,True
rel-salt/sales-group,fdhg_dmax1,41,macro_f1,0.0031465568536128,0.0031465568536128,0.0,0.0,True
rel-salt/sales-group,fdhg_dmax1,41,micro_f1,0.0806201550387596,0.0806201550387596,0.0,0.0,True
rel-salt/sales-group,fdhg_dmax1,41,weighted_f1,0.0177520891951766,0.0177520891951766,0.0,0.0,True
rel-salt/sales-group,fdhg_dmax1,41,mrr,0.1259856483198856,0.1259856483198856,0.0,0.0,True
rel-salt/sales-group,fdhg_dmax1,41,n_features,17.0,17.0,0.0,0.0,True
rel-salt/sales-group,fdhg_dmax1,41,n_train_used,10000.0,10000.0,0.0,0.0,True
rel-salt/sales-group,fdhg_dmax1,41,n_val_used,1935.0,1935.0,0.0,0.0,True
rel-salt/sales-group,dfs,42,accuracy,0.0775193798449612,0.0775193798449612,0.0,0.0,True
rel-salt/sales-group,dfs,42,log_loss,5.427295685870326,5.427295685870326,0.0,0.0,True
rel-salt/sales-group,dfs,42,macro_f1,0.0019129858372315,0.0019129858372315,0.0,0.0,True
rel-salt/sales-group,dfs,42,micro_f1,0.0775193798449612,0.0775193798449612,0.0,0.0,True
rel-salt/sales-group,dfs,42,weighted_f1,0.0133542689234243,0.0133542689234243,0.0,0.0,True
rel-salt/sales-group,dfs,42,mrr,0.1212097146248755,0.1212097146248755,0.0,0.0,True
rel-salt/sales-group,dfs,42,n_features,9.0,9.0,0.0,0.0,True
rel-salt/sales-group,dfs,42,n_train_used,10000.0,10000.0,0.0,0.0,True
rel-salt/sales-group,dfs,42,n_val_used,1935.0,1935.0,0.0,0.0,True
rel-salt/sales-group,fdhg_dmax1,42,accuracy,0.0806201550387596,0.0806201550387596,0.0,0.0,True
rel-salt/sales-group,fdhg_dmax1,42,log_loss,5.38978226815098,5.38978226815098,0.0,0.0,True
rel-salt/sales-group,fdhg_dmax1,42,macro_f1,0.0031465568536128,0.0031465568536128,0.0,0.0,True
rel-salt/sales-group,fdhg_dmax1,42,micro_f1,0.0806201550387596,0.0806201550387596,0.0,0.0,True
rel-salt/sales-group,fdhg_dmax1,42,weighted_f1,0.0177520891951766,0.0177520891951766,0.0,0.0,True
rel-salt/sales-group,fdhg_dmax1,42,mrr,0.1261031192744839,0.1261031192744839,0.0,0.0,True
rel-salt/sales-group,fdhg_dmax1,42,n_features,17.0,17.0,0.0,0.0,True
rel-salt/sales-group,fdhg_dmax1,42,n_train_used,10000.0,10000.0,0.0,0.0,True
rel-salt/sales-group,fdhg_dmax1,42,n_val_used,1935.0,1935.0,0.0,0.0,True
rel-salt/sales-group,dfs,43,accuracy,0.0775193798449612,0.0775193798449612,0.0,0.0,True
rel-salt/sales-group,dfs,43,log_loss,5.427294934508123,5.427294934508123,0.0,0.0,True
rel-salt/sales-group,dfs,43,macro_f1,0.0019129858372315,0.0019129858372315,0.0,0.0,True
rel-salt/sales-group,dfs,43,micro_f1,0.0775193798449612,0.0775193798449612,0.0,0.0,True
rel-salt/sales-group,dfs,43,weighted_f1,0.0133542689234243,0.0133542689234243,0.0,0.0,True
rel-salt/sales-group,dfs,43,mrr,0.1212326428293485,0.1212326428293485,0.0,0.0,True
rel-salt/sales-group,dfs,43,n_features,9.0,9.0,0.0,0.0,True
rel-salt/sales-group,dfs,43,n_train_used,10000.0,10000.0,0.0,0.0,True
rel-salt/sales-group,dfs,43,n_val_used,1935.0,1935.0,0.0,0.0,True
rel-salt/sales-group,fdhg_dmax1,43,accuracy,0.0806201550387596,0.0806201550387596,0.0,0.0,True
rel-salt/sales-group,fdhg_dmax1,43,log_loss,5.389761970913097,5.389761970913097,0.0,0.0,True
rel-salt/sales-group,fdhg_dmax1,43,macro_f1,0.0031465568536128,0.0031465568536128,0.0,0.0,True
rel-salt/sales-group,fdhg_dmax1,43,micro_f1,0.0806201550387596,0.0806201550387596,0.0,0.0,True
rel-salt/sales-group,fdhg_dmax1,43,weighted_f1,0.0177520891951766,0.0177520891951766,0.0,0.0,True
rel-salt/sales-group,fdhg_dmax1,43,mrr,0.125984444892736,0.125984444892736,0.0,0.0,True
rel-salt/sales-group,fdhg_dmax1,43,n_features,17.0,17.0,0.0,0.0,True
rel-salt/sales-group,fdhg_dmax1,43,n_train_used,10000.0,10000.0,0.0,0.0,True
rel-salt/sales-group,fdhg_dmax1,43,n_val_used,1935.0,1935.0,0.0,0.0,True
rel-salt/sales-group,dfs,44,accuracy,0.0775193798449612,0.0775193798449612,0.0,0.0,True
rel-salt/sales-group,dfs,44,log_loss,5.427295854087336,5.427295854087336,0.0,0.0,True
rel-salt/sales-group,dfs,44,macro_f1,0.0019129858372315,0.0019129858372315,0.0,0.0,True
rel-salt/sales-group,dfs,44,micro_f1,0.0775193798449612,0.0775193798449612,0.0,0.0,True
rel-salt/sales-group,dfs,44,weighted_f1,0.0133542689234243,0.0133542689234243,0.0,0.0,True
rel-salt/sales-group,dfs,44,mrr,0.121217770416273,0.121217770416273,0.0,0.0,True
rel-salt/sales-group,dfs,44,n_features,9.0,9.0,0.0,0.0,True
rel-salt/sales-group,dfs,44,n_train_used,10000.0,10000.0,0.0,0.0,True
rel-salt/sales-group,dfs,44,n_val_used,1935.0,1935.0,0.0,0.0,True
rel-salt/sales-group,fdhg_dmax1,44,accuracy,0.0806201550387596,0.0806201550387596,0.0,0.0,True
rel-salt/sales-group,fdhg_dmax1,44,log_loss,5.389743737190819,5.389743737190819,0.0,0.0,True
rel-salt/sales-group,fdhg_dmax1,44,macro_f1,0.0031465568536128,0.0031465568536128,0.0,0.0,True
rel-salt/sales-group,fdhg_dmax1,44,micro_f1,0.0806201550387596,0.0806201550387596,0.0,0.0,True
rel-salt/sales-group,fdhg_dmax1,44,weighted_f1,0.0177520891951766,0.0177520891951766,0.0,0.0,True
rel-salt/sales-group,fdhg_dmax1,44,mrr,0.1259639582662861,0.1259639582662861,0.0,0.0,True
rel-salt/sales-group,fdhg_dmax1,44,n_features,17.0,17.0,0.0,0.0,True
rel-salt/sales-group,fdhg_dmax1,44,n_train_used,10000.0,10000.0,0.0,0.0,True
rel-salt/sales-group,fdhg_dmax1,44,n_val_used,1935.0,1935.0,0.0,0.0,True
rel-salt/sales-incoterms,dfs,41,accuracy,0.592,0.592,0.0,0.0,True
rel-salt/sales-incoterms,dfs,41,log_loss,1.4319230696130991,1.4320511325237126,0.00012806291061351338,8.943421146787973e-05,False
rel-salt/sales-incoterms,dfs,41,macro_f1,0.0743718592964824,0.0743718592964824,0.0,0.0,True
rel-salt/sales-incoterms,dfs,41,micro_f1,0.592,0.592,0.0,0.0,True
rel-salt/sales-incoterms,dfs,41,weighted_f1,0.4402814070351759,0.4402814070351759,0.0,0.0,True
rel-salt/sales-incoterms,dfs,41,mrr,0.7241908730158729,0.7241908730158729,0.0,0.0,True
rel-salt/sales-incoterms,dfs,41,n_features,9.0,9.0,0.0,0.0,True
rel-salt/sales-incoterms,dfs,41,n_train_used,10000.0,10000.0,0.0,0.0,True
rel-salt/sales-incoterms,dfs,41,n_val_used,2000.0,2000.0,0.0,0.0,True
rel-salt/sales-incoterms,fdhg_dmax1,41,accuracy,0.597,0.597,0.0,0.0,True
rel-salt/sales-incoterms,fdhg_dmax1,41,log_loss,1.4101351906836608,1.4101963883097244,6.119762606360268e-05,4.3398410640282574e-05,False
rel-salt/sales-incoterms,fdhg_dmax1,41,macro_f1,0.0937962777666599,0.0937962777666599,0.0,0.0,True
rel-salt/sales-incoterms,fdhg_dmax1,41,micro_f1,0.597,0.597,0.0,0.0,True
rel-salt/sales-incoterms,fdhg_dmax1,41,weighted_f1,0.4542553532119271,0.4542553532119271,0.0,0.0,True
rel-salt/sales-incoterms,fdhg_dmax1,41,mrr,0.7276121753246753,0.7279649531024531,0.00035277777777786845,0.0004848431482340876,False
rel-salt/sales-incoterms,fdhg_dmax1,41,n_features,17.0,17.0,0.0,0.0,True
rel-salt/sales-incoterms,fdhg_dmax1,41,n_train_used,10000.0,10000.0,0.0,0.0,True
rel-salt/sales-incoterms,fdhg_dmax1,41,n_val_used,2000.0,2000.0,0.0,0.0,True
rel-salt/sales-incoterms,dfs,42,accuracy,0.592,0.592,0.0,0.0,True
rel-salt/sales-incoterms,dfs,42,log_loss,1.432022522066818,1.432023215014632,6.929478140182965e-07,4.838944942138024e-07,False
rel-salt/sales-incoterms,dfs,42,macro_f1,0.0743718592964824,0.0743718592964824,0.0,0.0,True
rel-salt/sales-incoterms,dfs,42,micro_f1,0.592,0.592,0.0,0.0,True
rel-salt/sales-incoterms,dfs,42,weighted_f1,0.4402814070351759,0.4402814070351759,0.0,0.0,True
rel-salt/sales-incoterms,dfs,42,mrr,0.7241908730158729,0.7241908730158729,0.0,0.0,True
rel-salt/sales-incoterms,dfs,42,n_features,9.0,9.0,0.0,0.0,True
rel-salt/sales-incoterms,dfs,42,n_train_used,10000.0,10000.0,0.0,0.0,True
rel-salt/sales-incoterms,dfs,42,n_val_used,2000.0,2000.0,0.0,0.0,True
rel-salt/sales-incoterms,fdhg_dmax1,42,accuracy,0.597,0.597,0.0,0.0,True
rel-salt/sales-incoterms,fdhg_dmax1,42,log_loss,1.4103555747709997,1.4102894127370815,6.616203391818232e-05,4.691159811165002e-05,False
rel-salt/sales-incoterms,fdhg_dmax1,42,macro_f1,0.0937962777666599,0.0937962777666599,0.0,0.0,True
rel-salt/sales-incoterms,fdhg_dmax1,42,micro_f1,0.597,0.597,0.0,0.0,True
rel-salt/sales-incoterms,fdhg_dmax1,42,weighted_f1,0.4542553532119271,0.4542553532119271,0.0,0.0,True
rel-salt/sales-incoterms,fdhg_dmax1,42,mrr,0.7279774531024531,0.7279774531024531,0.0,0.0,True
rel-salt/sales-incoterms,fdhg_dmax1,42,n_features,17.0,17.0,0.0,0.0,True
rel-salt/sales-incoterms,fdhg_dmax1,42,n_train_used,10000.0,10000.0,0.0,0.0,True
rel-salt/sales-incoterms,fdhg_dmax1,42,n_val_used,2000.0,2000.0,0.0,0.0,True
rel-salt/sales-incoterms,dfs,43,accuracy,0.592,0.592,0.0,0.0,True
rel-salt/sales-incoterms,dfs,43,log_loss,1.4318802928713774,1.4321370193857688,0.00025672651439134775,0.00017929328008036837,False
rel-salt/sales-incoterms,dfs,43,macro_f1,0.0743718592964824,0.0743718592964824,0.0,0.0,True
rel-salt/sales-incoterms,dfs,43,micro_f1,0.592,0.592,0.0,0.0,True
rel-salt/sales-incoterms,dfs,43,weighted_f1,0.4402814070351759,0.4402814070351759,0.0,0.0,True
rel-salt/sales-incoterms,dfs,43,mrr,0.7242158730158731,0.7241908730158729,2.500000000016378e-05,3.452009398255186e-05,False
rel-salt/sales-incoterms,dfs,43,n_features,9.0,9.0,0.0,0.0,True
rel-salt/sales-incoterms,dfs,43,n_train_used,10000.0,10000.0,0.0,0.0,True
rel-salt/sales-incoterms,dfs,43,n_val_used,2000.0,2000.0,0.0,0.0,True
rel-salt/sales-incoterms,fdhg_dmax1,43,accuracy,0.597,0.597,0.0,0.0,True
rel-salt/sales-incoterms,fdhg_dmax1,43,log_loss,1.4102645756816827,1.4101757927553098,8.878292637293228e-05,6.295480146341837e-05,False
rel-salt/sales-incoterms,fdhg_dmax1,43,macro_f1,0.0937962777666599,0.0937962777666599,0.0,0.0,True
rel-salt/sales-incoterms,fdhg_dmax1,43,micro_f1,0.597,0.597,0.0,0.0,True
rel-salt/sales-incoterms,fdhg_dmax1,43,weighted_f1,0.4542553532119271,0.4542553532119271,0.0,0.0,True
rel-salt/sales-incoterms,fdhg_dmax1,43,mrr,0.7279774531024531,0.7276371753246753,0.00034027777777778656,0.0004674290066644372,False
rel-salt/sales-incoterms,fdhg_dmax1,43,n_features,17.0,17.0,0.0,0.0,True
rel-salt/sales-incoterms,fdhg_dmax1,43,n_train_used,10000.0,10000.0,0.0,0.0,True
rel-salt/sales-incoterms,fdhg_dmax1,43,n_val_used,2000.0,2000.0,0.0,0.0,True
rel-salt/sales-incoterms,dfs,44,accuracy,0.592,0.592,0.0,0.0,True
rel-salt/sales-incoterms,dfs,44,log_loss,1.4320602284781394,1.4321324679238914,7.223944575196484e-05,5.0444418688126134e-05,False
rel-salt/sales-incoterms,dfs,44,macro_f1,0.0743718592964824,0.0743718592964824,0.0,0.0,True
rel-salt/sales-incoterms,dfs,44,micro_f1,0.592,0.592,0.0,0.0,True
rel-salt/sales-incoterms,dfs,44,weighted_f1,0.4402814070351759,0.4402814070351759,0.0,0.0,True
rel-salt/sales-incoterms,dfs,44,mrr,0.7241908730158729,0.7241908730158729,0.0,0.0,True
rel-salt/sales-incoterms,dfs,44,n_features,9.0,9.0,0.0,0.0,True
rel-salt/sales-incoterms,dfs,44,n_train_used,10000.0,10000.0,0.0,0.0,True
rel-salt/sales-incoterms,dfs,44,n_val_used,2000.0,2000.0,0.0,0.0,True
rel-salt/sales-incoterms,fdhg_dmax1,44,accuracy,0.597,0.597,0.0,0.0,True
rel-salt/sales-incoterms,fdhg_dmax1,44,log_loss,1.4103388444069702,1.410371276777205,3.243237023475842e-05,2.2996154692453235e-05,False
rel-salt/sales-incoterms,fdhg_dmax1,44,macro_f1,0.0937962777666599,0.0937962777666599,0.0,0.0,True
rel-salt/sales-incoterms,fdhg_dmax1,44,micro_f1,0.597,0.597,0.0,0.0,True
rel-salt/sales-incoterms,fdhg_dmax1,44,weighted_f1,0.4542553532119271,0.4542553532119271,0.0,0.0,True
rel-salt/sales-incoterms,fdhg_dmax1,44,mrr,0.7279774531024531,0.7279774531024531,0.0,0.0,True
rel-salt/sales-incoterms,fdhg_dmax1,44,n_features,17.0,17.0,0.0,0.0,True
rel-salt/sales-incoterms,fdhg_dmax1,44,n_train_used,10000.0,10000.0,0.0,0.0,True
rel-salt/sales-incoterms,fdhg_dmax1,44,n_val_used,2000.0,2000.0,0.0,0.0,True
rel-salt/sales-office,dfs,41,accuracy,0.999,0.9995,0.000500000000000056,0.0005005005005005565,False
rel-salt/sales-office,dfs,41,log_loss,0.0019847718766858,0.0017761960857516,0.0002085757909342002,0.1050880423006008,False
rel-salt/sales-office,dfs,41,macro_f1,0.2,0.5,0.3,1.4999999999999998,False
rel-salt/sales-office,dfs,41,micro_f1,0.999,0.9995,0.000500000000000056,0.0005005005005005565,False
rel-salt/sales-office,dfs,41,weighted_f1,0.999,0.9995,0.000500000000000056,0.0005005005005005565,False
rel-salt/sales-office,dfs,41,mrr,0.999375,0.99975,0.0003750000000000142,0.0003752345215759992,False
rel-salt/sales-office,dfs,41,n_features,9.0,9.0,0.0,0.0,True
rel-salt/sales-office,dfs,41,n_train_used,10000.0,10000.0,0.0,0.0,True
rel-salt/sales-office,dfs,41,n_val_used,2000.0,2000.0,0.0,0.0,True
rel-salt/sales-office,fdhg_dmax1,41,accuracy,0.999,1.0,0.0010000000000000009,0.0010010010010010019,False
rel-salt/sales-office,fdhg_dmax1,41,log_loss,0.0019142418620706,0.0016552969345187,0.00025894492755189997,0.13527283708642965,False
rel-salt/sales-office,fdhg_dmax1,41,macro_f1,0.2,1.0,0.8,4.0,False
rel-salt/sales-office,fdhg_dmax1,41,micro_f1,0.999,1.0,0.0010000000000000009,0.0010010010010010019,False
rel-salt/sales-office,fdhg_dmax1,41,weighted_f1,0.999,1.0,0.0010000000000000009,0.0010010010010010019,False
rel-salt/sales-office,fdhg_dmax1,41,mrr,0.9994166666666668,1.0,0.0005833333333331581,0.0005836738097221625,False
rel-salt/sales-office,fdhg_dmax1,41,n_features,17.0,17.0,0.0,0.0,True
rel-salt/sales-office,fdhg_dmax1,41,n_train_used,10000.0,10000.0,0.0,0.0,True
rel-salt/sales-office,fdhg_dmax1,41,n_val_used,2000.0,2000.0,0.0,0.0,True
rel-salt/sales-office,dfs,42,accuracy,0.9995,0.9995,0.0,0.0,True
rel-salt/sales-office,dfs,42,log_loss,0.0020213513729434,0.0018701334431024,0.00015121792984099992,0.07481031346905474,False
rel-salt/sales-office,dfs,42,macro_f1,0.5,0.5,0.0,0.0,True
rel-salt/sales-office,dfs,42,micro_f1,0.9995,0.9995,0.0,0.0,True
rel-salt/sales-office,dfs,42,weighted_f1,0.9995,0.9995,0.0,0.0,True
rel-salt/sales-office,dfs,42,mrr,0.999625,0.99975,0.00012500000000004174,0.00012504689258476104,False
rel-salt/sales-office,dfs,42,n_features,9.0,9.0,0.0,0.0,True
rel-salt/sales-office,dfs,42,n_train_used,10000.0,10000.0,0.0,0.0,True
rel-salt/sales-office,dfs,42,n_val_used,2000.0,2000.0,0.0,0.0,True
rel-salt/sales-office,fdhg_dmax1,42,accuracy,1.0,0.9995,0.0004999999999999449,0.0004999999999999449,False
rel-salt/sales-office,fdhg_dmax1,42,log_loss,0.001463543937825,0.0014301657815584,3.337815626660006e-05,0.02280639166611148,False
rel-salt/sales-office,fdhg_dmax1,42,macro_f1,1.0,0.5,0.5,0.5,False
rel-salt/sales-office,fdhg_dmax1,42,micro_f1,1.0,0.9995,0.0004999999999999449,0.0004999999999999449,False
rel-salt/sales-office,fdhg_dmax1,42,weighted_f1,1.0,0.9995,0.0004999999999999449,0.0004999999999999449,False
rel-salt/sales-office,fdhg_dmax1,42,mrr,1.0,0.99975,0.00024999999999997247,0.00024999999999997247,False
rel-salt/sales-office,fdhg_dmax1,42,n_features,17.0,17.0,0.0,0.0,True
rel-salt/sales-office,fdhg_dmax1,42,n_train_used,10000.0,10000.0,0.0,0.0,True
rel-salt/sales-office,fdhg_dmax1,42,n_val_used,2000.0,2000.0,0.0,0.0,True
rel-salt/sales-office,dfs,43,accuracy,0.9995,0.9995,0.0,0.0,True
rel-salt/sales-office,dfs,43,log_loss,0.0018698342192775,0.0018087499967731,6.108422250439998e-05,0.03266825576012979,False
rel-salt/sales-office,dfs,43,macro_f1,0.5,0.5,0.0,0.0,True
rel-salt/sales-office,dfs,43,micro_f1,0.9995,0.9995,0.0,0.0,True
rel-salt/sales-office,dfs,43,weighted_f1,0.9995,0.9995,0.0,0.0,True
rel-salt/sales-office,dfs,43,mrr,0.9996666666666668,0.99975,8.333333333321313e-05,8.336112037333756e-05,False
rel-salt/sales-office,dfs,43,n_features,9.0,9.0,0.0,0.0,True
rel-salt/sales-office,dfs,43,n_train_used,10000.0,10000.0,0.0,0.0,True
rel-salt/sales-office,dfs,43,n_val_used,2000.0,2000.0,0.0,0.0,True
rel-salt/sales-office,fdhg_dmax1,43,accuracy,0.9995,0.9995,0.0,0.0,True
rel-salt/sales-office,fdhg_dmax1,43,log_loss,0.0017563113005749,0.0016700611993777,8.62501011972001e-05,0.04910866380519645,False
rel-salt/sales-office,fdhg_dmax1,43,macro_f1,0.5,0.5,0.0,0.0,True
rel-salt/sales-office,fdhg_dmax1,43,micro_f1,0.9995,0.9995,0.0,0.0,True
rel-salt/sales-office,fdhg_dmax1,43,weighted_f1,0.9995,0.9995,0.0,0.0,True
rel-salt/sales-office,fdhg_dmax1,43,mrr,0.9996666666666668,0.99975,8.333333333321313e-05,8.336112037333756e-05,False
rel-salt/sales-office,fdhg_dmax1,43,n_features,17.0,17.0,0.0,0.0,True
rel-salt/sales-office,fdhg_dmax1,43,n_train_used,10000.0,10000.0,0.0,0.0,True
rel-salt/sales-office,fdhg_dmax1,43,n_val_used,2000.0,2000.0,0.0,0.0,True
rel-salt/sales-office,dfs,44,accuracy,0.9995,0.999,0.000500000000000056,0.0005002501250625872,False
rel-salt/sales-office,dfs,44,log_loss,0.001966051319538,0.002054926724836,8.8875405298e-05,0.045205028177435734,False
rel-salt/sales-office,dfs,44,macro_f1,0.5,0.2,0.3,0.6,False
rel-salt/sales-office,dfs,44,micro_f1,0.9995,0.999,0.000500000000000056,0.0005002501250625872,False
rel-salt/sales-office,dfs,44,weighted_f1,0.9995,0.999,0.000500000000000056,0.0005002501250625872,False
rel-salt/sales-office,dfs,44,mrr,0.999625,0.9993333333333332,0.0002916666666668011,0.0002917760826978128,False
rel-salt/sales-office,dfs,44,n_features,9.0,9.0,0.0,0.0,True
rel-salt/sales-office,dfs,44,n_train_used,10000.0,10000.0,0.0,0.0,True
rel-salt/sales-office,dfs,44,n_val_used,2000.0,2000.0,0.0,0.0,True
rel-salt/sales-office,fdhg_dmax1,44,accuracy,1.0,1.0,0.0,0.0,True
rel-salt/sales-office,fdhg_dmax1,44,log_loss,0.0014743748651541,0.0015111256739058,3.675080875170005e-05,0.02492636684216595,False
rel-salt/sales-office,fdhg_dmax1,44,macro_f1,1.0,1.0,0.0,0.0,True
rel-salt/sales-office,fdhg_dmax1,44,micro_f1,1.0,1.0,0.0,0.0,True
rel-salt/sales-office,fdhg_dmax1,44,weighted_f1,1.0,1.0,0.0,0.0,True
rel-salt/sales-office,fdhg_dmax1,44,mrr,1.0,1.0,0.0,0.0,True
rel-salt/sales-office,fdhg_dmax1,44,n_features,17.0,17.0,0.0,0.0,True
rel-salt/sales-office,fdhg_dmax1,44,n_train_used,10000.0,10000.0,0.0,0.0,True
rel-salt/sales-office,fdhg_dmax1,44,n_val_used,2000.0,2000.0,0.0,0.0,True
rel-salt/sales-payterms,dfs,41,accuracy,0.2826413206603301,0.2831415707853927,0.0005002501250626068,0.0017699115044250463,False
rel-salt/sales-payterms,dfs,41,log_loss,2.720774737062302,2.7210722575537027,0.00029752049140086,0.00010935138706929533,False
rel-salt/sales-payterms,dfs,41,macro_f1,0.0058762350494019,0.007148369036781,0.0012721339873791003,0.21648793431239308,False
rel-salt/sales-payterms,dfs,41,micro_f1,0.2826413206603301,0.2831415707853927,0.0005002501250626068,0.0017699115044250463,False
rel-salt/sales-payterms,dfs,41,weighted_f1,0.1245650126155121,0.1255664712500426,0.0010014586345305082,0.008039646233743458,False
rel-salt/sales-payterms,dfs,41,mrr,0.4637027666880826,0.4639534223416302,0.00025065565354759345,0.000540552421840953,False
rel-salt/sales-payterms,dfs,41,n_features,9.0,9.0,0.0,0.0,True
rel-salt/sales-payterms,dfs,41,n_train_used,10000.0,10000.0,0.0,0.0,True
rel-salt/sales-payterms,dfs,41,n_val_used,1999.0,1999.0,0.0,0.0,True
rel-salt/sales-payterms,fdhg_dmax1,41,accuracy,0.2831415707853927,0.2831415707853927,0.0,0.0,True
rel-salt/sales-payterms,fdhg_dmax1,41,log_loss,2.7040595348169103,2.703515551864388,0.0005439829525224482,0.0002011726981296959,False
rel-salt/sales-payterms,fdhg_dmax1,41,macro_f1,0.007148369036781,0.007148369036781,0.0,0.0,True
rel-salt/sales-payterms,fdhg_dmax1,41,micro_f1,0.2831415707853927,0.2831415707853927,0.0,0.0,True
rel-salt/sales-payterms,fdhg_dmax1,41,weighted_f1,0.1255664712500426,0.1255664712500426,0.0,0.0,True
rel-salt/sales-payterms,fdhg_dmax1,41,mrr,0.4652048731535854,0.4652219985228758,1.7125369290438286e-05,3.6812532023464894e-05,False
rel-salt/sales-payterms,fdhg_dmax1,41,n_features,17.0,17.0,0.0,0.0,True
rel-salt/sales-payterms,fdhg_dmax1,41,n_train_used,10000.0,10000.0,0.0,0.0,True
rel-salt/sales-payterms,fdhg_dmax1,41,n_val_used,1999.0,1999.0,0.0,0.0,True
rel-salt/sales-payterms,dfs,42,accuracy,0.2831415707853927,0.2826413206603301,0.0005002501250626068,0.0017667844522970865,False
rel-salt/sales-payterms,dfs,42,log_loss,2.7207429976118687,2.72075244560488,9.44799301150212e-06,3.4725782699046154e-06,False
rel-salt/sales-payterms,dfs,42,macro_f1,0.007148369036781,0.0058762350494019,0.0012721339873791003,0.1779614315983829,False
rel-salt/sales-payterms,dfs,42,micro_f1,0.2831415707853927,0.2826413206603301,0.0005002501250626068,0.0017667844522970865,False
rel-salt/sales-payterms,dfs,42,weighted_f1,0.1255664712500426,0.1245650126155121,0.0010014586345305082,0.007975525827561777,False
rel-salt/sales-payterms,dfs,42,mrr,0.4639639057252714,0.4637099592780769,0.00025394644719450854,0.0005473409548907426,False
rel-salt/sales-payterms,dfs,42,n_features,9.0,9.0,0.0,0.0,True
rel-salt/sales-payterms,dfs,42,n_train_used,10000.0,10000.0,0.0,0.0,True
rel-salt/sales-payterms,dfs,42,n_val_used,1999.0,1999.0,0.0,0.0,True
rel-salt/sales-payterms,fdhg_dmax1,42,accuracy,0.2831415707853927,0.2831415707853927,0.0,0.0,True
rel-salt/sales-payterms,fdhg_dmax1,42,log_loss,2.703475672079445,2.703740848335908,0.0002651762564629401,9.80871620934444e-05,False
rel-salt/sales-payterms,fdhg_dmax1,42,macro_f1,0.007148369036781,0.007148369036781,0.0,0.0,True
rel-salt/sales-payterms,fdhg_dmax1,42,micro_f1,0.2831415707853927,0.2831415707853927,0.0,0.0,True
rel-salt/sales-payterms,fdhg_dmax1,42,weighted_f1,0.1255664712500426,0.1255664712500426,0.0,0.0,True
rel-salt/sales-payterms,fdhg_dmax1,42,mrr,0.4652135721196294,0.4651497470809438,6.38250386855721e-05,0.000137195134687858,False
rel-salt/sales-payterms,fdhg_dmax1,42,n_features,17.0,17.0,0.0,0.0,True
rel-salt/sales-payterms,fdhg_dmax1,42,n_train_used,10000.0,10000.0,0.0,0.0,True
rel-salt/sales-payterms,fdhg_dmax1,42,n_val_used,1999.0,1999.0,0.0,0.0,True
rel-salt/sales-payterms,dfs,43,accuracy,0.2826413206603301,0.2831415707853927,0.0005002501250626068,0.0017699115044250463,False
rel-salt/sales-payterms,dfs,43,log_loss,2.7208316499874234,2.7205740959527103,0.00025755403471316995,9.466004069541033e-05,False
rel-salt/sales-payterms,dfs,43,macro_f1,0.0058762350494019,0.007148369036781,0.0012721339873791003,0.21648793431239308,False
rel-salt/sales-payterms,dfs,43,micro_f1,0.2826413206603301,0.2831415707853927,0.0005002501250626068,0.0017699115044250463,False
rel-salt/sales-payterms,dfs,43,weighted_f1,0.1245650126155121,0.1255664712500426,0.0010014586345305082,0.008039646233743458,False
rel-salt/sales-payterms,dfs,43,mrr,0.4637159543775332,0.4639646613807728,0.00024870700323958994,0.0005363347991195182,False
rel-salt/sales-payterms,dfs,43,n_features,9.0,9.0,0.0,0.0,True
rel-salt/sales-payterms,dfs,43,n_train_used,10000.0,10000.0,0.0,0.0,True
rel-salt/sales-payterms,dfs,43,n_val_used,1999.0,1999.0,0.0,0.0,True
rel-salt/sales-payterms,fdhg_dmax1,43,accuracy,0.2831415707853927,0.2831415707853927,0.0,0.0,True
rel-salt/sales-payterms,fdhg_dmax1,43,log_loss,2.703775322423388,2.703450165919708,0.0003251565036799242,0.00012026017878900055,False
rel-salt/sales-payterms,fdhg_dmax1,43,macro_f1,0.007148369036781,0.007148369036781,0.0,0.0,True
rel-salt/sales-payterms,fdhg_dmax1,43,micro_f1,0.2831415707853927,0.2831415707853927,0.0,0.0,True
rel-salt/sales-payterms,fdhg_dmax1,43,weighted_f1,0.1255664712500426,0.1255664712500426,0.0,0.0,True
rel-salt/sales-payterms,fdhg_dmax1,43,mrr,0.4652011827213118,0.465197249925494,3.932795817784829e-06,8.453967796855e-06,False
rel-salt/sales-payterms,fdhg_dmax1,43,n_features,17.0,17.0,0.0,0.0,True
rel-salt/sales-payterms,fdhg_dmax1,43,n_train_used,10000.0,10000.0,0.0,0.0,True
rel-salt/sales-payterms,fdhg_dmax1,43,n_val_used,1999.0,1999.0,0.0,0.0,True
rel-salt/sales-payterms,dfs,44,accuracy,0.2826413206603301,0.2831415707853927,0.0005002501250626068,0.0017699115044250463,False
rel-salt/sales-payterms,dfs,44,log_loss,2.720894568542924,2.721078697629821,0.0001841290868966894,6.767226081651999e-05,False
rel-salt/sales-payterms,dfs,44,macro_f1,0.0058762350494019,0.007148369036781,0.0012721339873791003,0.21648793431239308,False
rel-salt/sales-payterms,dfs,44,micro_f1,0.2826413206603301,0.2831415707853927,0.0005002501250626068,0.0017699115044250463,False
rel-salt/sales-payterms,dfs,44,weighted_f1,0.1245650126155121,0.1255664712500426,0.0010014586345305082,0.008039646233743458,False
rel-salt/sales-payterms,dfs,44,mrr,0.4637116742729071,0.4639628944313878,0.0002512201584806695,0.0005417594001155544,False
rel-salt/sales-payterms,dfs,44,n_features,9.0,9.0,0.0,0.0,True
rel-salt/sales-payterms,dfs,44,n_train_used,10000.0,10000.0,0.0,0.0,True
rel-salt/sales-payterms,dfs,44,n_val_used,1999.0,1999.0,0.0,0.0,True
rel-salt/sales-payterms,fdhg_dmax1,44,accuracy,0.2831415707853927,0.2831415707853927,0.0,0.0,True
rel-salt/sales-payterms,fdhg_dmax1,44,log_loss,2.703645427004472,2.7040824892677406,0.0004370622632685617,0.00016165665027784677,False
rel-salt/sales-payterms,fdhg_dmax1,44,macro_f1,0.007148369036781,0.007148369036781,0.0,0.0,True
rel-salt/sales-payterms,fdhg_dmax1,44,micro_f1,0.2831415707853927,0.2831415707853927,0.0,0.0,True
rel-salt/sales-payterms,fdhg_dmax1,44,weighted_f1,0.1255664712500426,0.1255664712500426,0.0,0.0,True
rel-salt/sales-payterms,fdhg_dmax1,44,mrr,0.4652085209364099,0.4651981125018207,1.0408434589215254e-05,2.237369721488399e-05,False
rel-salt/sales-payterms,fdhg_dmax1,44,n_features,17.0,17.0,0.0,0.0,True
rel-salt/sales-payterms,fdhg_dmax1,44,n_train_used,10000.0,10000.0,0.0,0.0,True
rel-salt/sales-payterms,fdhg_dmax1,44,n_val_used,1999.0,1999.0,0.0,0.0,True
rel-salt/sales-shipcond,dfs,41,accuracy,0.2722722722722723,0.2722722722722723,0.0,0.0,True
rel-salt/sales-shipcond,dfs,41,log_loss,2.280640246880905,2.2806330058233475,7.2410575575609926e-06,3.175010862613756e-06,False
rel-salt/sales-shipcond,dfs,41,macro_f1,0.01624978629559,0.01624978629559,0.0,0.0,True
rel-salt/sales-shipcond,dfs,41,micro_f1,0.2722722722722723,0.2722722722722723,0.0,0.0,True
rel-salt/sales-shipcond,dfs,41,weighted_f1,0.1179328734355557,0.1179328734355557,0.0,0.0,True
rel-salt/sales-shipcond,dfs,41,mrr,0.4741656041519815,0.4741652314004844,3.727514971130219e-07,7.861209118693183e-07,False
rel-salt/sales-shipcond,dfs,41,n_features,9.0,9.0,0.0,0.0,True
rel-salt/sales-shipcond,dfs,41,n_train_used,10000.0,10000.0,0.0,0.0,True
rel-salt/sales-shipcond,dfs,41,n_val_used,1998.0,1998.0,0.0,0.0,True
rel-salt/sales-shipcond,fdhg_dmax1,41,accuracy,0.2707707707707708,0.2737737737737737,0.0030030030030029353,0.011090573012938752,False
rel-salt/sales-shipcond,fdhg_dmax1,41,log_loss,2.250982124848935,2.2509191478844737,6.297696446111445e-05,2.7977549784115182e-05,False
rel-salt/sales-shipcond,fdhg_dmax1,41,macro_f1,0.018645861364422,0.0176180248143324,0.0010278365500895996,0.05512411199467595,False
rel-salt/sales-shipcond,fdhg_dmax1,41,micro_f1,0.2707707707707708,0.2737737737737737,0.0030030030030029353,0.011090573012938752,False
rel-salt/sales-shipcond,fdhg_dmax1,41,weighted_f1,0.1238131564700462,0.1232112293446253,0.000601927125420898,0.004861576447786634,False
rel-salt/sales-shipcond,fdhg_dmax1,41,mrr,0.475940160162315,0.4773172668735603,0.0013771067112453017,0.002893445072539481,False
rel-salt/sales-shipcond,fdhg_dmax1,41,n_features,17.0,17.0,0.0,0.0,True
rel-salt/sales-shipcond,fdhg_dmax1,41,n_train_used,10000.0,10000.0,0.0,0.0,True
rel-salt/sales-shipcond,fdhg_dmax1,41,n_val_used,1998.0,1998.0,0.0,0.0,True
rel-salt/sales-shipcond,dfs,42,accuracy,0.2722722722722723,0.2722722722722723,0.0,0.0,True
rel-salt/sales-shipcond,dfs,42,log_loss,2.2806160208570625,2.280862974968636,0.0002469541115734941,0.00010828395017618442,False
rel-salt/sales-shipcond,dfs,42,macro_f1,0.01624978629559,0.01624978629559,0.0,0.0,True
rel-salt/sales-shipcond,dfs,42,micro_f1,0.2722722722722723,0.2722722722722723,0.0,0.0,True
rel-salt/sales-shipcond,dfs,42,weighted_f1,0.1179328734355557,0.1179328734355557,0.0,0.0,True
rel-salt/sales-shipcond,dfs,42,mrr,0.4741652314004844,0.474164039732626,1.1916678583911988e-06,2.5131911398723055e-06,False
rel-salt/sales-shipcond,dfs,42,n_features,9.0,9.0,0.0,0.0,True
rel-salt/sales-shipcond,dfs,42,n_train_used,10000.0,10000.0,0.0,0.0,True
rel-salt/sales-shipcond,dfs,42,n_val_used,1998.0,1998.0,0.0,0.0,True
rel-salt/sales-shipcond,fdhg_dmax1,42,accuracy,0.2707707707707708,0.2712712712712712,0.0005005005005004337,0.0018484288354895869,False
rel-salt/sales-shipcond,fdhg_dmax1,42,log_loss,2.2507700617660458,2.2525771555384675,0.0018070937724217195,0.0008028780030083572,False
rel-salt/sales-shipcond,fdhg_dmax1,42,macro_f1,0.018645861364422,0.0312576110451372,0.012611749680715198,0.6763833235819057,False
rel-salt/sales-shipcond,fdhg_dmax1,42,micro_f1,0.2707707707707708,0.2712712712712712,0.0005005005005004337,0.0018484288354895869,False
rel-salt/sales-shipcond,fdhg_dmax1,42,weighted_f1,0.1238131564700462,0.1208942893270411,0.0029188671430050994,0.023574773684986002,False
rel-salt/sales-shipcond,fdhg_dmax1,42,mrr,0.4759691951551182,0.4754800942030542,0.0004891009520640033,0.0010275895100829067,False
rel-salt/sales-shipcond,fdhg_dmax1,42,n_features,17.0,17.0,0.0,0.0,True
rel-salt/sales-shipcond,fdhg_dmax1,42,n_train_used,10000.0,10000.0,0.0,0.0,True
rel-salt/sales-shipcond,fdhg_dmax1,42,n_val_used,1998.0,1998.0,0.0,0.0,True
rel-salt/sales-shipcond,dfs,43,accuracy,0.2722722722722723,0.2722722722722723,0.0,0.0,True
rel-salt/sales-shipcond,dfs,43,log_loss,2.2810220321381807,2.2807885654790963,0.00023346665908441366,0.00010235177731517441,False
rel-salt/sales-shipcond,dfs,43,macro_f1,0.01624978629559,0.01624978629559,0.0,0.0,True
rel-salt/sales-shipcond,dfs,43,micro_f1,0.2722722722722723,0.2722722722722723,0.0,0.0,True
rel-salt/sales-shipcond,dfs,43,weighted_f1,0.1179328734355557,0.1179328734355557,0.0,0.0,True
rel-salt/sales-shipcond,dfs,43,mrr,0.4741639861546739,0.4741635015600449,4.845946290354952e-07,1.021997965230153e-06,False
rel-salt/sales-shipcond,dfs,43,n_features,9.0,9.0,0.0,0.0,True
rel-salt/sales-shipcond,dfs,43,n_train_used,10000.0,10000.0,0.0,0.0,True
rel-salt/sales-shipcond,dfs,43,n_val_used,1998.0,1998.0,0.0,0.0,True
rel-salt/sales-shipcond,fdhg_dmax1,43,accuracy,0.2737737737737737,0.2737737737737737,0.0,0.0,True
rel-salt/sales-shipcond,fdhg_dmax1,43,log_loss,2.25042697655482,2.250557443075129,0.00013046652030901384,5.79741185420489e-05,False
rel-salt/sales-shipcond,fdhg_dmax1,43,macro_f1,0.0176180248143324,0.0176180248143324,0.0,0.0,True
rel-salt/sales-shipcond,fdhg_dmax1,43,micro_f1,0.2737737737737737,0.2737737737737737,0.0,0.0,True
rel-salt/sales-shipcond,fdhg_dmax1,43,weighted_f1,0.1232112293446253,0.1232112293446253,0.0,0.0,True
rel-salt/sales-shipcond,fdhg_dmax1,43,mrr,0.4775380248489478,0.4775620424168251,2.4017567877288037e-05,5.029456635392573e-05,False
rel-salt/sales-shipcond,fdhg_dmax1,43,n_features,17.0,17.0,0.0,0.0,True
rel-salt/sales-shipcond,fdhg_dmax1,43,n_train_used,10000.0,10000.0,0.0,0.0,True
rel-salt/sales-shipcond,fdhg_dmax1,43,n_val_used,1998.0,1998.0,0.0,0.0,True
rel-salt/sales-shipcond,dfs,44,accuracy,0.2722722722722723,0.2722722722722723,0.0,0.0,True
rel-salt/sales-shipcond,dfs,44,log_loss,2.280607656454192,2.280811502459217,0.00020384600502465489,8.938232073709137e-05,False
rel-salt/sales-shipcond,dfs,44,macro_f1,0.01624978629559,0.01624978629559,0.0,0.0,True
rel-salt/sales-shipcond,dfs,44,micro_f1,0.2722722722722723,0.2722722722722723,0.0,0.0,True
rel-salt/sales-shipcond,dfs,44,weighted_f1,0.1179328734355557,0.1179328734355557,0.0,0.0,True
rel-salt/sales-shipcond,dfs,44,mrr,0.4741662205319083,0.4741646150205576,1.60551135069964e-06,3.3859673700471864e-06,False
rel-salt/sales-shipcond,dfs,44,n_features,9.0,9.0,0.0,0.0,True
rel-salt/sales-shipcond,dfs,44,n_train_used,10000.0,10000.0,0.0,0.0,True
rel-salt/sales-shipcond,dfs,44,n_val_used,1998.0,1998.0,0.0,0.0,True
rel-salt/sales-shipcond,fdhg_dmax1,44,accuracy,0.2737737737737737,0.2737737737737737,0.0,0.0,True
rel-salt/sales-shipcond,fdhg_dmax1,44,log_loss,2.250534881025836,2.2495354145951927,0.0009994664306431922,0.00044410172846893033,False
rel-salt/sales-shipcond,fdhg_dmax1,44,macro_f1,0.0176180248143324,0.0176180248143324,0.0,0.0,True
rel-salt/sales-shipcond,fdhg_dmax1,44,micro_f1,0.2737737737737737,0.2737737737737737,0.0,0.0,True
rel-salt/sales-shipcond,fdhg_dmax1,44,weighted_f1,0.1232112293446253,0.1232112293446253,0.0,0.0,True
rel-salt/sales-shipcond,fdhg_dmax1,44,mrr,0.4774635591494822,0.4775512144454708,8.765529598858679e-05,0.00018358531098107124,False
rel-salt/sales-shipcond,fdhg_dmax1,44,n_features,17.0,17.0,0.0,0.0,True
rel-salt/sales-shipcond,fdhg_dmax1,44,n_train_used,10000.0,10000.0,0.0,0.0,True
rel-salt/sales-shipcond,fdhg_dmax1,44,n_val_used,1998.0,1998.0,0.0,0.0,True
